sitename,county,aqi,pollutant,status,so2,co,o3,o3_8hr,pm10,pm2.5,no2,nox,no,wind_speed,wind_direc,publishtime,co_8hr,pm2.5_avg,pm10_avg,so2_avg,longitude,latitude,siteid
基隆,基隆市,32,,良好,0.9,0.15,2,3,21,1,5,6.5,0.6,0.4,273,2025/06/14 03:00:00,0.2,2.7,19,1,121.760056,25.129167,1
汐止,新北市,43,,良好,0.2,0.17,1,1,25,7,8,12.5,3.6,0.7,88,2025/06/14 03:00:00,0.2,10.6,21,0,121.64081,25.06624,2
新店,新北市,28,,良好,0.6,0.11,6,4,19,2,3,3.4,0.3,2.2,140,2025/06/14 03:00:00,0.2,4.2,17,0,121.537778,24.977222,4
土城,新北市,40,,良好,0.5,0.18,0,1,28,7,6,10.3,3.9,0.3,164,2025/06/14 03:00:00,0.3,9.8,23,0,121.451861,24.982528,5
板橋,新北市,27,,良好,1.3,0.22,4,7,14,0,6,8,1.5,0.8,116,2025/06/14 03:00:00,0.4,4.5,16,1,121.458667,25.012972,6
新莊,新北市,45,,良好,0.4,0.47,0,2,17,9,12,21.7,9,0.8,19,2025/06/14 03:00:00,0.5,11.2,18,0,121.4325,25.037972,7
菜寮,新北市,46,,良好,0.5,0.34,1,2,17,7,13,18.1,5.1,1.5,113,2025/06/14 03:00:00,0.4,11.3,17,0,121.481028,25.06895,8
林口,新北市,29,,良好,0,0.14,14,14,7,6,9,11.5,1.7,1.5,212,2025/06/14 03:00:00,0.2,7.3,9,1,121.36548982,25.07798949,9
淡水,新北市,40,,良好,0.7,0.42,5,11,32,13,17,23.7,6,,,2025/06/14 03:00:00,0.3,8.8,18,1,121.449239,25.1645,10
士林,臺北市,33,,良好,0.6,0.2,5,5,17,5,6,7.4,0.8,0.6,162,2025/06/14 03:00:00,0.2,8.3,16,0,121.51666356,25.10334003,11
中山,臺北市,45,,良好,0.3,0.43,0,1,26,11,14,26.7,12.4,0.9,65,2025/06/14 03:00:00,0.5,11.2,21,0,121.526528,25.062361,12
萬華,臺北市,32,,良好,0,0.23,1,0,18,2,8,10.3,2.2,0.3,103,2025/06/14 03:00:00,0.5,4.3,19,0,121.507972,25.046503,13
古亭,臺北市,30,,良好,0,0.14,5,3,19,4,4,5,1,1.1,82,2025/06/14 03:00:00,0.2,6.9,18,0,121.529556,25.020608,14
松山,臺北市,25,,良好,0,0.19,2,1,15,4,8,10.5,2.1,0.4,93,2025/06/14 03:00:00,0.3,6.1,14,1,121.578611,25.05,15
大同,臺北市,52,細懸浮微粒,普通,0.7,0.38,,0,16,11,15,25,9.6,-,-,2025/06/14 03:00:00,0.7,12.9,15,1,121.51342074,25.06331455,16
桃園,桃園市,42,,良好,0.5,0.35,1,8,23,11,16,20.2,3.6,0.6,201,2025/06/14 03:00:00,0.3,10.5,18,1,121.30500531,24.9947107,17
大園,桃園市,19,,良好,0.9,0.13,16,20,9,1,4,5.4,0.8,2,188,2025/06/14 03:00:00,0.1,2,7,0,121.20251473,25.06100357,18
觀音,桃園市,21,,良好,0.8,0.07,21,23,8,6,2,2.7,0.7,5.2,254,2025/06/14 03:00:00,0,3,8,1,121.08283092,25.03556747,19
平鎮,桃園市,21,,良好,0,0.28,6,13,17,4,9,10.6,0.7,0.8,191,2025/06/14 03:00:00,0.2,2.4,10,0,121.203986,24.952786,20
龍潭,桃園市,20,,良好,0.9,0.1,2,9,18,2,3,4.3,1.1,0.4,270,2025/06/14 03:00:00,0.1,3.5,12,1,121.21645772,24.86400048,21
湖口,新竹縣,19,,良好,0.6,0.09,21,21,8,0,2,2.8,0.3,4.6,229,2025/06/14 03:00:00,0.1,1.2,5,1,121.03886894,24.90009696,22
竹東,新竹縣,25,,良好,1.3,0.08,8,5,20,2,2,2.3,0.3,1.4,134,2025/06/14 03:00:00,0.1,4,15,0,121.08895493,24.74091408,23
新竹,新竹市,19,,良好,1.4,0.09,22,21,3,1,3,4.2,0.9,3.8,310,2025/06/14 03:00:00,0.1,0.5,2,0,120.97236752,24.8056356,24
頭份,苗栗縣,20,,良好,2,0.08,22,22,5,2,1,1.8,0.5,3.7,234,2025/06/14 03:00:00,0.1,1.9,6,1,120.89869286,24.69690679,25
苗栗,苗栗縣,21,,良好,0.7,0.06,22,23,5,0,1,2.2,0.6,4.4,211,2025/06/14 03:00:00,0,0.9,3,0,120.82011468,24.56499183,26
三義,苗栗縣,23,,良好,0.7,0.07,23,25,4,1,0,0.9,0.6,4.4,188,2025/06/14 03:00:00,0,2.7,4,0,120.75956754,24.38248443,27
豐原,臺中市,23,,良好,1.1,0.1,24,25,2,0,0,1.4,0.8,3.2,182,2025/06/14 03:00:00,0.1,0,2,1,120.74252414,24.25699731,28
沙鹿,臺中市,18,,良好,0.5,0.1,16,19,14,4,3,3.7,0.2,2.8,168,2025/06/14 03:00:00,0.1,2,10,0,120.568794,24.225628,29
大里,臺中市,22,,良好,0.7,0.15,5,6,16,2,5,6.8,0.8,0.7,246,2025/06/14 03:00:00,0.2,3.1,13,0,120.67844444,24.09961111,30
忠明,臺中市,17,,良好,0.8,0.15,9,8,11,2,4,4.5,0.3,1.3,199,2025/06/14 03:00:00,0.3,3.6,10,1,120.641092,24.151958,31
西屯,臺中市,23,,良好,0.9,0.12,5,7,17,4,5,5.9,0.2,1.2,180,2025/06/14 03:00:00,0.1,2.5,14,0,120.616917,24.162197,32
彰化,彰化縣,20,,良好,1.1,0.09,12,11,11,4,4,5,0.2,0.3,175,2025/06/14 03:00:00,0.1,4.9,8,0,120.541519,24.066,33
線西,彰化縣,17,,良好,0.3,0.1,18,18,15,4,2,3,0.5,3.2,177,2025/06/14 03:00:00,0.1,3.9,10,0,120.469061,24.131672,34
二林,彰化縣,18,,良好,0.9,0.1,19,19,15,2,1,2.1,0.3,3,197,2025/06/14 03:00:00,0.1,3.9,11,1,120.409653,23.925175,35
南投,南投縣,28,,良好,0.7,0.1,4,6,23,4,3,4.7,1.1,0.9,211,2025/06/14 03:00:00,0.1,4.8,17,0,120.685306,23.913,36
斗六,雲林縣,19,,良好,1.1,0.16,10,19,17,6,5,6.2,0.3,0.5,132,2025/06/14 03:00:00,0.1,4.6,11,1,120.544994,23.711853,37
崙背,雲林縣,25,,良好,1.6,0.17,13,17,10,7,10,14.8,4.4,2.2,182,2025/06/14 03:00:00,0.1,6.2,12,1,120.348742,23.757547,38
新港,嘉義縣,23,,良好,0.8,0.06,20,20,16,5,2,3,0,2.1,164,2025/06/14 03:00:00,0.1,5.5,14,0,120.345531,23.554839,39
朴子,嘉義縣,25,,良好,0.6,0.02,15,18,22,8,3,3.8,0.7,1.3,148,2025/06/14 03:00:00,0,4.5,15,1,120.2478,23.46538,40
臺西,雲林縣,25,,良好,0.3,0.09,18,20,15,7,2,2.8,0.3,3.4,185,2025/06/14 03:00:00,0.1,6.3,11,0,120.19933333,23.702175,41
嘉義,嘉義市,17,,良好,1.9,0.08,20,18,7,8,2,3.9,1.1,1.8,208,2025/06/14 03:00:00,0.1,3.7,6,1,120.44125148,23.46477865,42
新營,臺南市,18,,良好,0,0.07,16,19,15,3,1,3.4,1.9,1.2,243,2025/06/14 03:00:00,0.1,3,10,0,120.31725,23.305633,43
善化,臺南市,17,,良好,0,0.04,17,18,7,2,0,1.3,0.5,2.4,147,2025/06/14 03:00:00,0,3,8,0,120.29740529,23.11337642,44
安南,臺南市,18,,良好,0,0.12,16,16,10,5,,,,3.9,121,2025/06/14 03:00:00,0.1,4.5,10,0,120.2175,23.048197,45
臺南,臺南市,20,,良好,0.2,0.07,17,16,8,3,3,3.9,0.2,2.1,172,2025/06/14 03:00:00,0.1,5,10,0,120.21947897,22.98928311,46
美濃,高雄市,18,,良好,0.3,0.1,15,16,14,2,1,1.7,0.4,1.1,51,2025/06/14 03:00:00,0.1,1.4,11,0,120.530542,22.883583,47
橋頭,高雄市,17,,良好,0.4,0.08,17,18,7,2,2,2.9,0.2,2.4,93,2025/06/14 03:00:00,0.1,3.8,9,0,120.305689,22.757506,48
仁武,高雄市,21,,良好,0.3,0.14,17,17,8,3,3,3,0,1.4,112,2025/06/14 03:00:00,0.1,5.1,9,0,120.332631,22.689056,49
鳳山,高雄市,25,,良好,0.6,0.13,14,15,10,4,3,4,0.5,0.5,118,2025/06/14 03:00:00,0.2,6.1,12,1,120.357422,22.628126,50
大寮,高雄市,20,,良好,0,0.07,18,15,11,1,1,1.9,0.6,1.4,66,2025/06/14 03:00:00,0.1,4.1,12,0,120.425311,22.56413611,51
林園,高雄市,59,懸浮微粒,普通,0.2,0.05,20,20,28,8,0,1.3,0.4,0.3,25,2025/06/14 03:00:00,0.1,7.5,38,0,120.41175,22.4795,52
楠梓,高雄市,19,,良好,0.9,0.11,11,13,8,0,8,9.7,1.3,1.7,84,2025/06/14 03:00:00,0.1,1.8,10,1,120.328289,22.733667,53
左營,高雄市,20,,良好,0.5,0.13,14,13,11,3,4,4.9,0.6,2,146,2025/06/14 03:00:00,0.2,3.7,12,0,120.292917,22.674861,54
前金,高雄市,30,,良好,0.6,0.18,12,14,14,4,6,6.6,0.5,0.9,92,2025/06/14 03:00:00,0.2,4.7,18,0,120.28676111,22.63390278,56
前鎮,高雄市,24,,良好,1,0.18,14,14,7,7,5,6.7,0.7,0.7,32,2025/06/14 03:00:00,0.2,5.9,13,0,120.30833356,22.6044507,57
小港,高雄市,28,,良好,0.5,0.12,13,13,11,5,8,8.7,0,1.2,62,2025/06/14 03:00:00,0.3,6.6,17,2,120.337736,22.565833,58
屏東,屏東縣,20,,良好,0.3,0.11,14,12,12,4,4,4.5,0.4,0.5,67,2025/06/14 03:00:00,0.2,3.7,12,0,120.488033,22.673081,59
潮州,屏東縣,22,,良好,0.5,0.07,19,18,8,0,1,1.7,0.2,2.6,80,2025/06/14 03:00:00,0,1.9,13,0,120.561175,22.523108,60
恆春,屏東縣,35,,良好,0.5,0.07,31,28,21,6,0,1.6,1.1,3.4,205,2025/06/14 03:00:00,0,2.2,21,0,120.788928,21.958069,61
臺東,臺東縣,28,,良好,0.2,0.06,22,22,17,4,0,1.4,0.4,3.3,224,2025/06/14 03:00:00,0,5.4,17,1,121.15045,22.755358,62
花蓮,花蓮縣,32,,良好,0.1,0.11,5,6,15,4,1,2.4,0.7,1,237,2025/06/14 03:00:00,0.1,4.3,19,0,121.599769,23.971306,63
陽明,臺北市,20,,良好,0.3,0.12,21,22,11,2,2,3,0.7,,,2025/06/14 03:00:00,0.1,1.7,9,0,121.529583,25.182722,64
宜蘭,宜蘭縣,32,,良好,0.5,0.18,4,9,22,5,3,3.6,0.5,1.2,351,2025/06/14 03:00:00,0.2,5.5,19,0,121.746394,24.747917,65
冬山,宜蘭縣,38,,良好,0.5,0.21,8,12,31,8,5,5.4,0.3,0.2,262,2025/06/14 03:00:00,0.1,5.1,23,0,121.792928,24.632203,66
三重,新北市,48,,良好,0.6,0.6,0,0,20,12,14,58.2,44,-,-,2025/06/14 03:00:00,0.9,12,21,0,121.493806,25.072611,67
中壢,桃園市,24,,良好,0.7,0.39,2,8,18,4,10,14.5,3.9,0.2,212,2025/06/14 03:00:00,0.6,5.8,13,1,121.221667,24.953278,68
竹山,南投縣,32,,良好,0.4,0.08,3,6,21,1,3,4.3,0.8,0.7,229,2025/06/14 03:00:00,0.1,1.5,19,0,120.677306,23.756389,69
永和,新北市,30,,良好,0,0.23,1,1,23,5,6,9,2.7,1.3,82,2025/06/14 03:00:00,0.4,7.2,18,0,121.516306,25.017,70
復興,高雄市,15,,良好,0.7,0.08,13,14,9,2,5,6.9,1.2,1.6,78,2025/06/14 03:00:00,0.1,3,9,0,120.312017,22.608711,71
埔里,南投縣,20,,良好,0.7,0.11,6,8,16,1,1,2.7,0.8,0.9,175,2025/06/14 03:00:00,0.1,1.4,12,1,120.967903,23.968842,72
馬祖,連江縣,42,,良好,0.4,0.08,25,25,22,9,2,3.1,0.7,5.4,197,2025/06/14 03:00:00,0,7.2,25,0,119.952724,26.153736,75
金門,金門縣,25,,良好,0.5,0.08,23,27,12,5,4,4.8,0.3,1.7,203,2025/06/14 03:00:00,0,4.4,13,1,118.312256,24.432133,77
馬公,澎湖縣,23,,良好,0.3,0.09,22,25,15,2,1,2.3,0.3,3.3,160,2025/06/14 03:00:00,0.1,1.3,14,0,119.566158,23.569031,78
關山,臺東縣,25,,良好,0.3,0.07,11,8,17,1,0,1,0.4,1,331,2025/06/14 03:00:00,0,1.1,15,0,121.161933,23.045083,80
麥寮,雲林縣,19,,良好,0.9,0.09,19,20,10,3,2,4,1.3,3.4,174,2025/06/14 03:00:00,0.1,2,9,1,120.251825,23.753506,83
富貴角,新北市,40,,良好,0.2,0.14,16,17,21,6,5,5.6,0,0.8,199,2025/06/14 03:00:00,0.1,6.7,24,0,121.53656894,25.29681695,84
大城,彰化縣,19,,良好,0.6,0.07,18,20,9,0,1,2.1,0.9,0.9,175,2025/06/14 03:00:00,0,1.7,9,0,120.26964167,23.85493056,85
員林,彰化縣,18,,良好,1.1,0.13,13,14,13,3,4,5.8,1.5,1.4,177,2025/06/14 03:00:00,0.2,4.5,11,1,120.5631893,23.9615945,139
宜蘭（三星）,宜蘭縣,32,,良好,0.4,0.09,4,9,25,2,1,1.6,0,0.4,239,2025/06/14 03:00:00,0.1,2.5,19,0,121.6565272,24.6757916,201
高雄（湖內）,高雄市,18,,良好,0.2,0.14,13,15,8,0,3,4.9,1.1,0.8,82,2025/06/14 03:00:00,0.1,3,11,0,120.24535,22.87985556,202
南投（鹿谷）,南投縣,21,,良好,0.5,0.06,24,23,6,1,0,0.8,0.7,0.2,40,2025/06/14 03:00:00,0,0.7,6,0,120.7944772,23.71867609,203
屏東（琉球）,屏東縣,35,,良好,0.9,0.07,22,22,20,10,0,1.6,0.8,0.7,190,2025/06/14 03:00:00,0,8.6,16,0,120.37722,22.35222,204
台中市（和平區消防隊）,臺中市,22,,良好,0,0.11,9,14,20,,1,1.4,0.2,0.2,69,2025/06/14 03:00:00,0.1,,13,0,120.883858,24.174592,310
新北(樹林),新北市,37,,良好,0.2,0.16,8,7,22,4,3,4.3,0.7,0.2,117,2025/06/14 03:00:00,0.3,4.6,22,0,121.38352778,24.94902778,311
臺南（南化）,臺南市,19,,良好,0,0.06,17,20,12,1,0,0.5,0.1,0.2,140,2025/06/14 03:00:00,0,0.6,6,0,120.44583156,23.04562013,312
屏東(枋山),屏東縣,47,,良好,0.1,0.06,28,23,35,5,1,1.5,0.1,3.2,177,2025/06/14 03:00:00,0,3.2,28,0,120.651472,22.260899,313
