siteid,sitename,monitordate,aqi,so2subindex,cosubindex,o3subindex,pm10subindex,no2subindex,o38subindex,pm25subindex
1,基隆,2024-01-01,77,8,3,,43,22,44,77
2,汐止,2024-01-01,79,2,3,,45,32,41,79
3,萬里,2024-01-01,72,5,3,,72,7,48,72
4,新店,2024-01-01,83,2,5,,46,20,44,83
5,土城,2024-01-01,77,2,5,,47,18,43,77
6,板橋,2024-01-01,71,5,5,,45,32,40,71
7,新莊,2024-01-01,75,0,3,,47,18,42,75
8,菜寮,2024-01-01,76,2,5,,41,25,42,76
9,林口,2024-01-01,72,5,3,,43,13,41,72
10,淡水,2024-01-01,76,2,5,,44,27,44,76
11,士林,2024-01-01,80,10,3,,47,27,44,80
12,中山,2024-01-01,78,2,5,,46,38,40,78
13,萬華,2024-01-01,83,5,5,,47,38,43,83
14,古亭,2024-01-01,81,5,3,,44,17,41,81
15,松山,2024-01-01,86,8,3,,47,32,40,86
16,大同,2024-01-01,87,2,6,,51,47,,87
17,桃園,2024-01-01,76,2,5,,47,23,42,76
18,大園,2024-01-01,76,10,5,,48,50,41,76
19,觀音,2024-01-01,79,5,3,,61,8,44,79
20,平鎮,2024-01-01,79,2,5,,44,22,42,79
21,龍潭,2024-01-01,79,2,3,,46,18,43,79
22,湖口,2024-01-01,81,2,3,,46,13,44,81
23,竹東,2024-01-01,80,2,3,,42,8,44,80
24,新竹,2024-01-01,83,5,5,,42,20,44,83
25,頭份,2024-01-01,82,5,3,,49,22,,82
26,苗栗,2024-01-01,74,5,3,,46,23,44,74
27,三義,2024-01-01,69,2,3,,36,7,45,69
28,豐原,2024-01-01,79,8,5,,35,13,43,79
29,沙鹿,2024-01-01,81,2,3,,51,12,47,81
30,大里,2024-01-01,79,2,5,,38,42,43,79
31,忠明,2024-01-01,82,2,5,,43,18,44,82
32,西屯,2024-01-01,86,2,3,,42,15,45,86
33,彰化,2024-01-01,74,2,5,,49,20,46,74
34,線西,2024-01-01,81,10,6,,57,20,,81
35,二林,2024-01-01,89,8,5,,65,17,47,89
36,南投,2024-01-01,82,2,5,,46,25,44,82
37,斗六,2024-01-01,93,5,5,,59,20,49,93
38,崙背,2024-01-01,101,5,5,,64,22,45,101
39,新港,2024-01-01,98,5,5,,64,20,50,98
40,朴子,2024-01-01,98,8,5,,66,20,47,98
41,臺西,2024-01-01,81,5,3,,59,20,,81
42,嘉義,2024-01-01,95,5,6,,62,27,45,95
43,新營,2024-01-01,90,8,5,,62,23,49,90
44,善化,2024-01-01,99,5,5,,61,25,48,99
45,安南,2024-01-01,109,2,6,,69,25,49,109
46,臺南,2024-01-01,117,5,6,,70,32,49,117
47,美濃,2024-01-01,120,2,5,,66,18,48,120
48,橋頭,2024-01-01,130,5,6,,71,33,49,130
49,仁武,2024-01-01,128,5,6,,67,38,51,128
50,鳳山,2024-01-01,131,8,9,,80,52,,131
51,大寮,2024-01-01,149,18,7,,85,47,51,149
52,林園,2024-01-01,139,12,7,,88,40,80,139
53,楠梓,2024-01-01,118,5,6,,75,30,50,118
54,左營,2024-01-01,139,5,7,,75,33,54,139
56,前金,2024-01-01,126,5,7,,83,32,54,126
57,前鎮,2024-01-01,138,5,7,,79,43,,138
58,小港,2024-01-01,128,8,7,,76,48,49,128
59,屏東,2024-01-01,150,18,7,,81,35,51,150
60,潮州,2024-01-01,110,5,7,,60,22,40,110
61,恆春,2024-01-01,80,0,3,,22,5,80,48
62,臺東,2024-01-01,60,0,3,,28,10,48,60
63,花蓮,2024-01-01,68,0,5,,35,15,50,68
64,陽明,2024-01-01,62,2,5,,36,3,44,62
65,宜蘭,2024-01-01,85,2,5,,50,12,44,85
66,冬山,2024-01-01,77,0,5,,49,22,44,77
67,三重,2024-01-01,84,2,11,,46,56,,84
68,中壢,2024-01-01,81,8,6,,48,40,,81
69,竹山,2024-01-01,106,2,5,,56,25,48,106
70,永和,2024-01-01,79,5,5,,48,18,,79
71,復興,2024-01-01,138,5,7,,81,42,,138
72,埔里,2024-01-01,77,2,5,,36,22,49,77
75,馬祖,2024-01-01,155,2,6,,92,13,58,155
77,金門,2024-01-01,148,5,6,,89,20,80,148
78,馬公,2024-01-01,95,2,5,,47,17,50,95
80,關山,2024-01-01,57,2,3,,33,7,47,57
83,麥寮,2024-01-01,93,5,5,,63,25,,93
84,富貴角,2024-01-01,73,0,3,,58,5,49,73
85,大城,2024-01-01,81,2,3,,54,18,58,81
1,基隆,2024-01-02,52,8,7,,23,52,36,51
2,汐止,2024-01-02,55,5,6,,28,55,34,52
3,萬里,2024-01-02,42,5,2,,30,22,31,42
4,新店,2024-01-02,55,0,5,,25,40,41,55
5,土城,2024-01-02,53,2,7,,30,53,38,53
6,板橋,2024-01-02,60,2,9,,27,60,34,44
7,新莊,2024-01-02,54,2,7,,29,54,35,48
8,菜寮,2024-01-02,61,2,8,,28,61,37,49
9,林口,2024-01-02,50,8,5,,26,50,34,42
10,淡水,2024-01-02,60,5,6,,31,60,39,53
11,士林,2024-01-02,55,10,5,,26,37,37,55
12,中山,2024-01-02,59,2,8,,30,59,30,55
13,萬華,2024-01-02,61,2,7,,29,61,32,55
14,古亭,2024-01-02,55,2,6,,27,55,33,52
15,松山,2024-01-02,57,5,7,,29,55,32,57
16,大同,2024-01-02,69,5,22,,39,67,,69
17,桃園,2024-01-02,60,10,9,,34,60,33,56
18,大園,2024-01-02,63,15,6,,36,63,40,59
19,觀音,2024-01-02,59,2,3,,43,43,44,59
20,平鎮,2024-01-02,66,8,8,,35,64,33,66
21,龍潭,2024-01-02,64,2,6,,36,55,38,64
22,湖口,2024-01-02,65,5,5,,35,51,44,65
23,竹東,2024-01-02,66,5,5,,28,38,39,66
24,新竹,2024-01-02,60,5,6,,29,52,41,60
25,頭份,2024-01-02,66,8,5,,37,51,,66
26,苗栗,2024-01-02,55,8,5,,32,33,40,55
27,三義,2024-01-02,56,2,3,,30,17,50,56
28,豐原,2024-01-02,77,8,5,,38,25,49,77
29,沙鹿,2024-01-02,60,2,2,,37,20,48,60
30,大里,2024-01-02,83,5,7,,46,57,46,83
31,忠明,2024-01-02,71,8,5,,41,47,44,71
32,西屯,2024-01-02,70,5,3,,38,28,45,70
33,彰化,2024-01-02,60,5,5,,41,43,42,60
34,線西,2024-01-02,49,5,2,,36,23,,49
35,二林,2024-01-02,66,8,3,,50,20,49,66
36,南投,2024-01-02,80,2,6,,46,33,47,80
37,斗六,2024-01-02,88,8,5,,55,30,48,88
38,崙背,2024-01-02,79,5,3,,50,20,44,79
39,新港,2024-01-02,84,8,5,,53,28,47,84
40,朴子,2024-01-02,79,5,3,,46,18,49,79
41,臺西,2024-01-02,57,12,6,,45,35,,57
42,嘉義,2024-01-02,89,5,6,,56,32,48,89
43,新營,2024-01-02,81,5,5,,54,38,50,81
44,善化,2024-01-02,89,5,5,,55,27,54,89
45,安南,2024-01-02,96,5,7,,58,42,51,96
46,臺南,2024-01-02,105,8,7,,61,52,51,105
47,美濃,2024-01-02,91,2,5,,54,18,58,91
48,橋頭,2024-01-02,108,8,7,,60,52,50,108
49,仁武,2024-01-02,108,8,8,,61,65,47,108
50,鳳山,2024-01-02,106,10,10,,72,52,,106
51,大寮,2024-01-02,111,25,7,,74,51,48,111
52,林園,2024-01-02,109,22,6,,77,37,61,109
53,楠梓,2024-01-02,95,8,7,,65,40,54,95
54,左營,2024-01-02,110,10,8,,62,51,61,110
56,前金,2024-01-02,97,8,8,,70,50,54,97
57,前鎮,2024-01-02,103,10,8,,66,56,,103
58,小港,2024-01-02,98,15,7,,66,63,47,98
59,屏東,2024-01-02,104,5,6,,71,32,71,104
60,潮州,2024-01-02,105,8,6,,69,33,61,105
61,恆春,2024-01-02,47,2,2,,24,3,47,45
62,臺東,2024-01-02,53,0,3,,28,18,41,53
63,花蓮,2024-01-02,47,2,5,,21,28,44,47
64,陽明,2024-01-02,43,5,2,,19,5,43,42
65,宜蘭,2024-01-02,52,0,5,,24,25,40,52
66,冬山,2024-01-02,46,0,3,,32,33,38,46
67,三重,2024-01-02,67,2,15,,32,67,,58
68,中壢,2024-01-02,65,8,16,,41,62,,65
69,竹山,2024-01-02,95,5,5,,47,27,46,95
70,永和,2024-01-02,52,5,8,,26,52,,51
71,復興,2024-01-02,100,8,10,,66,58,,100
72,埔里,2024-01-02,77,2,5,,37,23,49,77
75,馬祖,2024-01-02,88,8,6,,49,18,54,88
77,金門,2024-01-02,116,10,6,,61,32,58,116
78,馬公,2024-01-02,58,2,2,,30,7,54,58
80,關山,2024-01-02,36,2,3,,22,8,31,36
83,麥寮,2024-01-02,66,8,6,,40,30,,66
84,富貴角,2024-01-02,50,2,2,,37,10,50,45
85,大城,2024-01-02,64,10,6,,40,32,64,57
1,基隆,2024-01-03,57,8,6,,29,43,43,57
2,汐止,2024-01-03,57,2,5,,26,47,38,57
3,萬里,2024-01-03,55,2,5,,47,8,46,55
4,新店,2024-01-03,59,2,6,,27,33,36,59
5,土城,2024-01-03,62,2,6,,31,45,32,62
6,板橋,2024-01-03,55,2,6,,29,47,36,55
7,新莊,2024-01-03,57,2,5,,26,51,38,57
8,菜寮,2024-01-03,57,2,6,,29,55,37,57
9,林口,2024-01-03,49,2,5,,27,43,39,49
10,淡水,2024-01-03,58,2,5,,30,51,42,58
11,士林,2024-01-03,52,0,5,,23,52,41,51
12,中山,2024-01-03,60,2,8,,28,60,31,59
13,萬華,2024-01-03,58,2,6,,28,51,32,58
14,古亭,2024-01-03,54,2,6,,25,47,32,54
15,松山,2024-01-03,63,5,6,,27,52,33,63
16,大同,2024-01-03,63,2,14,,29,59,,63
17,桃園,2024-01-03,58,5,5,,30,52,39,58
18,大園,2024-01-03,61,5,3,,33,40,44,61
19,觀音,2024-01-03,61,5,3,,37,33,46,61
20,平鎮,2024-01-03,62,2,6,,31,51,37,62
21,龍潭,2024-01-03,63,2,5,,32,32,37,63
22,湖口,2024-01-03,62,5,5,,32,32,43,62
23,竹東,2024-01-03,61,0,5,,28,22,41,61
24,新竹,2024-01-03,61,5,5,,29,25,40,61
25,頭份,2024-01-03,61,8,5,,35,25,,61
26,苗栗,2024-01-03,51,5,5,,36,23,42,51
27,三義,2024-01-03,43,2,5,,19,13,43,43
28,豐原,2024-01-03,59,5,5,,23,22,40,59
29,沙鹿,2024-01-03,59,2,3,,41,17,44,59
30,大里,2024-01-03,55,2,6,,29,42,39,55
31,忠明,2024-01-03,61,2,5,,35,28,38,61
32,西屯,2024-01-03,68,2,5,,39,15,40,68
33,彰化,2024-01-03,54,2,5,,38,27,42,54
34,線西,2024-01-03,55,5,5,,40,22,,55
35,二林,2024-01-03,62,8,5,,52,15,46,62
36,南投,2024-01-03,61,0,6,,35,32,38,61
37,斗六,2024-01-03,69,2,5,,48,27,43,69
38,崙背,2024-01-03,76,2,5,,52,15,43,76
39,新港,2024-01-03,75,5,5,,55,17,46,75
40,朴子,2024-01-03,76,5,5,,55,17,45,76
41,臺西,2024-01-03,59,5,5,,47,15,,59
42,嘉義,2024-01-03,74,5,6,,51,28,44,74
43,新營,2024-01-03,70,5,5,,53,22,44,70
44,善化,2024-01-03,76,2,5,,53,27,45,76
45,安南,2024-01-03,86,2,5,,59,28,44,86
46,臺南,2024-01-03,88,2,5,,56,42,47,88
47,美濃,2024-01-03,76,2,3,,42,18,49,76
48,橋頭,2024-01-03,95,2,5,,58,28,46,95
49,仁武,2024-01-03,94,2,6,,55,52,46,94
50,鳳山,2024-01-03,90,5,7,,66,43,,90
51,大寮,2024-01-03,87,8,5,,61,42,47,87
52,林園,2024-01-03,95,10,6,,71,51,49,95
53,楠梓,2024-01-03,85,2,5,,60,32,47,85
54,左營,2024-01-03,100,5,6,,60,30,45,100
56,前金,2024-01-03,89,2,6,,67,28,47,89
57,前鎮,2024-01-03,93,5,7,,65,40,,93
58,小港,2024-01-03,89,5,6,,62,52,44,89
59,屏東,2024-01-03,81,2,5,,54,25,51,81
60,潮州,2024-01-03,82,2,5,,57,25,54,82
61,恆春,2024-01-03,48,2,3,,24,7,48,41
62,臺東,2024-01-03,44,2,3,,23,10,44,35
63,花蓮,2024-01-03,43,0,5,,20,13,43,40
64,陽明,2024-01-03,46,2,3,,14,7,46,31
65,宜蘭,2024-01-03,41,2,3,,15,23,41,38
66,冬山,2024-01-03,39,0,5,,26,32,39,33
67,三重,2024-01-03,63,2,12,,37,63,,62
68,中壢,2024-01-03,63,5,8,,35,52,,63
69,竹山,2024-01-03,81,2,5,,41,28,42,81
70,永和,2024-01-03,60,2,10,,27,53,,60
71,復興,2024-01-03,95,5,7,,63,38,,95
72,埔里,2024-01-03,64,2,5,,29,15,42,64
75,馬祖,2024-01-03,78,2,5,,40,17,58,78
77,金門,2024-01-03,101,5,6,,53,55,58,101
78,馬公,2024-01-03,50,0,5,,25,7,50,49
80,關山,2024-01-03,37,2,3,,16,10,37,25
83,麥寮,2024-01-03,68,5,6,,48,22,,68
84,富貴角,2024-01-03,58,0,3,,49,25,58,58
85,大城,2024-01-03,61,2,3,,40,12,50,61
1,基隆,2024-01-04,63,5,8,,37,52,42,63
2,汐止,2024-01-04,63,2,6,,39,57,30,63
3,萬里,2024-01-04,59,5,2,,58,22,44,59
4,新店,2024-01-04,63,2,5,,34,35,38,63
5,土城,2024-01-04,61,2,6,,36,37,36,61
6,板橋,2024-01-04,54,2,6,,35,47,33,54
7,新莊,2024-01-04,59,2,5,,42,42,36,59
8,菜寮,2024-01-04,62,5,6,,38,50,36,62
9,林口,2024-01-04,52,5,3,,37,32,35,52
10,淡水,2024-01-04,63,5,5,,40,38,40,63
11,士林,2024-01-04,60,8,3,,34,27,42,60
12,中山,2024-01-04,62,5,7,,40,55,34,62
13,萬華,2024-01-04,63,5,6,,40,53,37,63
14,古亭,2024-01-04,62,2,5,,35,55,37,62
15,松山,2024-01-04,68,8,6,,43,55,34,68
16,大同,2024-01-04,74,2,12,,48,62,,74
17,桃園,2024-01-04,54,2,5,,37,35,35,54
18,大園,2024-01-04,63,5,5,,40,45,36,63
19,觀音,2024-01-04,67,8,5,,47,55,37,67
20,平鎮,2024-01-04,66,2,7,,37,55,36,66
21,龍潭,2024-01-04,58,5,6,,37,51,39,58
22,湖口,2024-01-04,71,2,7,,41,55,38,71
23,竹東,2024-01-04,56,0,3,,28,23,33,56
24,新竹,2024-01-04,63,5,7,,31,53,36,63
25,頭份,2024-01-04,67,5,6,,40,54,,67
26,苗栗,2024-01-04,55,10,6,,36,50,35,55
27,三義,2024-01-04,50,2,3,,28,27,39,50
28,豐原,2024-01-04,68,8,6,,34,42,44,68
29,沙鹿,2024-01-04,66,2,3,,41,42,45,66
30,大里,2024-01-04,66,5,7,,36,56,37,66
31,忠明,2024-01-04,66,5,6,,38,56,39,66
32,西屯,2024-01-04,70,5,5,,37,52,44,70
33,彰化,2024-01-04,59,15,6,,41,45,37,59
34,線西,2024-01-04,62,12,3,,44,42,,62
35,二林,2024-01-04,73,8,3,,52,22,48,73
36,南投,2024-01-04,70,8,7,,41,57,40,70
37,斗六,2024-01-04,75,5,5,,47,40,48,75
38,崙背,2024-01-04,78,2,3,,49,22,49,78
39,新港,2024-01-04,73,5,3,,49,22,58,73
40,朴子,2024-01-04,71,12,3,,46,23,51,71
41,臺西,2024-01-04,62,10,5,,48,25,,62
42,嘉義,2024-01-04,72,5,5,,45,42,50,72
43,新營,2024-01-04,67,8,5,,48,37,50,67
44,善化,2024-01-04,71,8,3,,42,32,50,71
45,安南,2024-01-04,73,5,5,,48,38,50,73
46,臺南,2024-01-04,79,5,6,,47,47,51,79
47,美濃,2024-01-04,69,2,6,,36,20,54,69
48,橋頭,2024-01-04,86,5,6,,48,48,47,86
49,仁武,2024-01-04,85,15,7,,47,71,42,85
50,鳳山,2024-01-04,73,8,9,,50,57,,73
51,大寮,2024-01-04,82,28,7,,52,53,51,82
52,林園,2024-01-04,78,15,6,,53,43,54,78
53,楠梓,2024-01-04,75,8,6,,51,48,45,75
54,左營,2024-01-04,83,2,7,,48,45,51,83
56,前金,2024-01-04,71,5,7,,48,48,51,71
57,前鎮,2024-01-04,77,5,10,,48,57,,77
58,小港,2024-01-04,73,5,9,,48,62,45,73
59,屏東,2024-01-04,82,18,8,,50,47,67,82
60,潮州,2024-01-04,68,8,6,,41,25,64,68
61,恆春,2024-01-04,47,2,3,,21,3,47,40
62,臺東,2024-01-04,44,0,3,,25,15,38,44
63,花蓮,2024-01-04,50,2,5,,29,27,38,50
64,陽明,2024-01-04,52,5,2,,29,5,43,52
65,宜蘭,2024-01-04,56,2,3,,32,18,35,56
66,冬山,2024-01-04,47,0,3,,37,32,39,47
67,三重,2024-01-04,67,2,14,,45,67,,65
68,中壢,2024-01-04,62,5,16,,42,57,,62
69,竹山,2024-01-04,77,2,5,,38,32,50,77
70,永和,2024-01-04,57,2,8,,37,53,,57
71,復興,2024-01-04,75,5,10,,47,61,,75
72,埔里,2024-01-04,62,5,5,,30,30,50,62
75,馬祖,2024-01-04,70,2,3,,42,10,67,70
77,金門,2024-01-04,77,8,5,,50,23,74,77
78,馬公,2024-01-04,63,2,2,,30,12,47,63
80,關山,2024-01-04,35,2,3,,27,12,35,33
83,麥寮,2024-01-04,65,8,5,,45,23,,65
84,富貴角,2024-01-04,58,10,2,,49,7,49,58
85,大城,2024-01-04,67,5,3,,43,22,67,61
1,基隆,2024-01-05,70,5,6,,34,42,44,70
2,汐止,2024-01-05,74,5,8,,44,56,37,74
3,萬里,2024-01-05,59,5,3,,36,22,49,59
4,新店,2024-01-05,78,2,7,,38,57,48,78
5,土城,2024-01-05,86,2,9,,48,60,44,86
6,板橋,2024-01-05,77,5,10,,43,65,44,77
7,新莊,2024-01-05,79,12,8,,42,60,44,79
8,菜寮,2024-01-05,79,8,8,,43,69,47,79
9,林口,2024-01-05,71,20,5,,40,50,51,71
10,淡水,2024-01-05,71,5,6,,43,51,49,71
11,士林,2024-01-05,70,5,6,,41,52,51,70
12,中山,2024-01-05,83,5,9,,46,60,31,83
13,萬華,2024-01-05,84,5,10,,45,70,41,84
14,古亭,2024-01-05,79,5,8,,40,58,43,79
15,松山,2024-01-05,85,8,7,,44,57,43,85
16,大同,2024-01-05,87,5,18,,45,69,,87
17,桃園,2024-01-05,92,8,9,,50,60,46,92
18,大園,2024-01-05,86,8,5,,50,72,50,86
19,觀音,2024-01-05,94,2,5,,58,50,54,94
20,平鎮,2024-01-05,93,2,8,,48,68,44,93
21,龍潭,2024-01-05,91,2,8,,38,58,45,91
22,湖口,2024-01-05,96,2,6,,51,52,61,96
23,竹東,2024-01-05,77,2,5,,39,37,45,77
24,新竹,2024-01-05,87,5,6,,46,52,54,87
25,頭份,2024-01-05,87,5,5,,52,45,,87
26,苗栗,2024-01-05,79,5,5,,50,48,50,79
27,三義,2024-01-05,65,2,3,,35,23,47,65
28,豐原,2024-01-05,91,5,6,,47,35,50,91
29,沙鹿,2024-01-05,95,2,6,,59,52,50,95
30,大里,2024-01-05,99,5,8,,53,57,49,99
31,忠明,2024-01-05,96,8,7,,57,59,46,96
32,西屯,2024-01-05,101,5,7,,58,56,47,101
33,彰化,2024-01-05,89,28,7,,60,56,45,89
34,線西,2024-01-05,89,8,5,,63,48,,89
35,二林,2024-01-05,124,5,6,,83,35,58,124
36,南投,2024-01-05,85,8,6,,46,51,48,85
37,斗六,2024-01-05,112,5,6,,66,38,64,112
38,崙背,2024-01-05,136,5,5,,77,32,50,136
39,新港,2024-01-05,123,8,5,,75,38,64,123
40,朴子,2024-01-05,107,8,3,,63,17,61,107
41,臺西,2024-01-05,89,5,3,,64,22,,89
42,嘉義,2024-01-05,104,8,6,,62,38,58,104
43,新營,2024-01-05,102,5,5,,66,48,64,102
44,善化,2024-01-05,99,10,5,,62,37,64,99
45,安南,2024-01-05,107,5,5,,65,48,61,107
46,臺南,2024-01-05,111,8,6,,64,53,61,111
47,美濃,2024-01-05,74,2,3,,37,17,74,68
48,橋頭,2024-01-05,103,5,5,,59,45,50,103
49,仁武,2024-01-05,96,5,5,,55,56,45,96
50,鳳山,2024-01-05,88,5,8,,61,58,,88
51,大寮,2024-01-05,86,28,5,,56,45,51,86
52,林園,2024-01-05,91,35,5,,67,37,64,91
53,楠梓,2024-01-05,90,5,5,,61,51,50,90
54,左營,2024-01-05,102,5,6,,61,43,61,102
56,前金,2024-01-05,91,5,6,,63,43,61,91
57,前鎮,2024-01-05,93,5,7,,62,53,,93
58,小港,2024-01-05,90,8,6,,59,54,48,90
59,屏東,2024-01-05,74,2,5,,47,28,71,74
60,潮州,2024-01-05,72,18,5,,43,22,71,72
61,恆春,2024-01-05,45,2,2,,20,2,45,34
62,臺東,2024-01-05,37,0,3,,20,28,37,34
63,花蓮,2024-01-05,37,2,5,,17,35,37,34
64,陽明,2024-01-05,49,2,3,,20,15,44,49
65,宜蘭,2024-01-05,44,2,3,,20,30,44,37
66,冬山,2024-01-05,40,0,5,,26,40,36,33
67,三重,2024-01-05,90,5,17,,53,67,,90
68,中壢,2024-01-05,96,5,14,,54,65,,96
69,竹山,2024-01-05,92,5,5,,46,33,67,92
70,永和,2024-01-05,77,5,14,,43,65,,77
71,復興,2024-01-05,89,5,9,,59,53,,89
72,埔里,2024-01-05,67,2,5,,35,32,49,67
75,馬祖,2024-01-05,83,10,12,,51,37,44,83
77,金門,2024-01-05,109,8,6,,67,55,71,109
78,馬公,2024-01-05,58,2,3,,26,12,51,58
80,關山,2024-01-05,37,2,2,,21,13,37,22
83,麥寮,2024-01-05,109,2,5,,65,30,,109
84,富貴角,2024-01-05,90,2,3,,44,15,90,61
85,大城,2024-01-05,102,5,3,,64,27,77,102
1,基隆,2024-01-06,69,20,5,,32,35,46,69
2,汐止,2024-01-06,73,5,6,,37,42,43,73
3,萬里,2024-01-06,84,2,3,,41,8,84,55
4,新店,2024-01-06,68,5,5,,31,37,47,68
5,土城,2024-01-06,86,5,8,,45,47,45,86
6,板橋,2024-01-06,79,8,8,,42,54,43,79
7,新莊,2024-01-06,83,2,9,,44,52,44,83
8,菜寮,2024-01-06,81,5,9,,41,50,44,81
9,林口,2024-01-06,64,2,5,,35,53,46,64
10,淡水,2024-01-06,73,8,6,,37,42,49,73
11,士林,2024-01-06,72,5,6,,37,42,47,72
12,中山,2024-01-06,79,5,6,,42,50,34,79
13,萬華,2024-01-06,75,8,6,,38,62,41,75
14,古亭,2024-01-06,68,5,5,,32,43,44,68
15,松山,2024-01-06,82,5,6,,39,48,41,82
16,大同,2024-01-06,89,5,12,,44,67,,89
17,桃園,2024-01-06,94,8,9,,49,57,44,94
18,大園,2024-01-06,92,8,8,,48,60,51,92
19,觀音,2024-01-06,100,8,7,,60,55,61,100
20,平鎮,2024-01-06,91,5,8,,45,66,41,91
21,龍潭,2024-01-06,78,5,6,,38,58,45,78
22,湖口,2024-01-06,101,5,7,,50,56,50,101
23,竹東,2024-01-06,66,2,3,,29,25,48,66
24,新竹,2024-01-06,83,5,5,,39,51,48,83
25,頭份,2024-01-06,69,5,3,,36,33,,69
26,苗栗,2024-01-06,65,8,3,,37,35,47,65
27,三義,2024-01-06,64,2,3,,32,18,54,64
28,豐原,2024-01-06,69,10,3,,29,32,54,69
29,沙鹿,2024-01-06,91,2,5,,51,52,61,91
30,大里,2024-01-06,81,2,6,,40,52,51,81
31,忠明,2024-01-06,84,5,6,,44,59,50,84
32,西屯,2024-01-06,87,5,6,,44,54,51,87
33,彰化,2024-01-06,83,10,6,,53,47,54,83
34,線西,2024-01-06,92,12,5,,59,47,,92
35,二林,2024-01-06,117,8,6,,75,33,61,117
36,南投,2024-01-06,78,2,5,,40,40,51,78
37,斗六,2024-01-06,96,5,5,,55,50,71,96
38,崙背,2024-01-06,145,8,6,,76,28,61,145
39,新港,2024-01-06,139,8,6,,77,37,74,139
40,朴子,2024-01-06,127,8,6,,67,30,74,127
41,臺西,2024-01-06,108,5,6,,69,30,,108
42,嘉義,2024-01-06,113,12,6,,60,47,67,113
43,新營,2024-01-06,117,8,6,,67,48,77,117
44,善化,2024-01-06,114,8,5,,66,38,77,114
45,安南,2024-01-06,140,5,7,,74,48,80,140
46,臺南,2024-01-06,144,8,7,,78,59,84,144
47,美濃,2024-01-06,75,5,3,,37,20,64,75
48,橋頭,2024-01-06,112,5,5,,56,42,87,112
49,仁武,2024-01-06,103,2,5,,49,56,84,103
50,鳳山,2024-01-06,93,8,8,,55,62,,93
51,大寮,2024-01-06,90,30,5,,51,43,50,90
52,林園,2024-01-06,97,40,5,,61,40,67,97
53,楠梓,2024-01-06,91,5,5,,57,42,90,91
54,左營,2024-01-06,110,2,6,,60,56,100,110
56,前金,2024-01-06,93,2,6,,58,37,93,93
57,前鎮,2024-01-06,92,5,7,,54,54,,92
58,小港,2024-01-06,89,5,6,,50,55,54,89
59,屏東,2024-01-06,84,5,5,,50,33,80,84
60,潮州,2024-01-06,71,10,5,,42,25,51,71
61,恆春,2024-01-06,54,5,2,,19,7,54,30
62,臺東,2024-01-06,36,0,2,,20,13,36,34
63,花蓮,2024-01-06,45,2,3,,19,22,45,43
64,陽明,2024-01-06,54,5,2,,19,5,54,49
65,宜蘭,2024-01-06,45,2,3,,21,15,45,
66,冬山,2024-01-06,44,8,3,,29,25,44,42
67,三重,2024-01-06,88,5,12,,50,63,,88
68,中壢,2024-01-06,93,5,12,,49,61,,93
69,竹山,2024-01-06,89,2,3,,42,33,80,89
70,永和,2024-01-06,65,8,9,,34,52,,65
71,復興,2024-01-06,89,2,8,,55,55,,89
72,埔里,2024-01-06,70,2,5,,32,27,54,70
75,馬祖,2024-01-06,113,10,6,,62,28,87,113
77,金門,2024-01-06,132,32,7,,80,61,67,132
78,馬公,2024-01-06,64,2,2,,22,8,64,56
80,關山,2024-01-06,33,2,2,,21,15,33,23
83,麥寮,2024-01-06,130,10,7,,71,38,,130
84,富貴角,2024-01-06,108,0,3,,37,7,108,57
85,大城,2024-01-06,120,5,6,,68,47,80,120
1,基隆,2024-01-07,67,2,3,,37,8,67,65
2,汐止,2024-01-07,66,2,3,,38,25,54,66
3,萬里,2024-01-07,80,5,3,,68,7,80,62
4,新店,2024-01-07,69,5,3,,39,18,58,69
5,土城,2024-01-07,66,5,5,,38,17,58,66
6,板橋,2024-01-07,61,0,5,,37,30,51,61
7,新莊,2024-01-07,65,2,3,,41,20,54,65
8,菜寮,2024-01-07,65,5,5,,39,27,58,65
9,林口,2024-01-07,63,2,3,,37,22,54,63
10,淡水,2024-01-07,67,2,3,,39,20,67,66
11,士林,2024-01-07,64,5,3,,39,18,64,63
12,中山,2024-01-07,67,2,5,,41,43,48,67
13,萬華,2024-01-07,66,5,5,,41,40,50,66
14,古亭,2024-01-07,66,2,3,,38,22,50,66
15,松山,2024-01-07,71,5,3,,41,32,58,71
16,大同,2024-01-07,76,5,7,,43,57,,76
17,桃園,2024-01-07,64,2,5,,39,23,51,64
18,大園,2024-01-07,69,8,3,,49,42,61,69
19,觀音,2024-01-07,77,5,3,,58,20,74,77
20,平鎮,2024-01-07,74,2,5,,41,37,54,74
21,龍潭,2024-01-07,65,5,3,,41,17,58,65
22,湖口,2024-01-07,74,5,3,,44,20,71,74
23,竹東,2024-01-07,65,2,3,,34,12,61,65
24,新竹,2024-01-07,74,5,5,,39,22,64,74
25,頭份,2024-01-07,70,5,3,,43,25,,70
26,苗栗,2024-01-07,65,5,3,,41,23,64,65
27,三義,2024-01-07,64,2,3,,30,8,64,59
28,豐原,2024-01-07,64,5,3,,28,15,51,64
29,沙鹿,2024-01-07,84,5,3,,48,13,84,80
30,大里,2024-01-07,73,2,6,,36,40,50,73
31,忠明,2024-01-07,70,5,5,,36,20,58,70
32,西屯,2024-01-07,76,2,3,,37,27,64,76
33,彰化,2024-01-07,77,2,5,,45,25,77,69
34,線西,2024-01-07,72,12,7,,51,28,,72
35,二林,2024-01-07,90,10,5,,66,22,84,90
36,南投,2024-01-07,72,0,5,,37,23,49,72
37,斗六,2024-01-07,103,5,5,,57,30,74,103
38,崙背,2024-01-07,103,10,5,,63,27,74,103
39,新港,2024-01-07,99,8,5,,63,28,80,99
40,朴子,2024-01-07,100,10,5,,61,18,80,100
41,臺西,2024-01-07,87,10,5,,63,28,,87
42,嘉義,2024-01-07,108,12,6,,59,32,67,108
43,新營,2024-01-07,95,8,5,,60,37,71,95
44,善化,2024-01-07,104,8,5,,61,33,67,104
45,安南,2024-01-07,106,5,5,,64,38,74,106
46,臺南,2024-01-07,118,8,5,,66,56,74,118
47,美濃,2024-01-07,78,0,3,,38,15,58,78
48,橋頭,2024-01-07,131,5,6,,68,42,61,131
49,仁武,2024-01-07,124,5,6,,60,50,74,124
50,鳳山,2024-01-07,122,8,9,,70,51,,122
51,大寮,2024-01-07,109,32,6,,63,37,90,109
52,林園,2024-01-07,129,40,5,,72,35,129,113
53,楠梓,2024-01-07,113,5,6,,70,35,67,113
54,左營,2024-01-07,128,5,6,,73,37,74,128
56,前金,2024-01-07,121,5,7,,77,32,74,121
57,前鎮,2024-01-07,125,12,7,,75,50,,125
58,小港,2024-01-07,116,20,7,,69,52,77,116
59,屏東,2024-01-07,93,8,6,,53,42,87,93
60,潮州,2024-01-07,91,8,5,,47,18,84,91
61,恆春,2024-01-07,64,2,2,,21,2,64,42
62,臺東,2024-01-07,55,2,3,,27,13,44,55
63,花蓮,2024-01-07,63,2,3,,32,20,58,63
64,陽明,2024-01-07,64,2,3,,32,5,64,61
65,宜蘭,2024-01-07,67,2,3,,31,10,41,67
66,冬山,2024-01-07,60,0,3,,38,20,49,60
67,三重,2024-01-07,70,5,11,,46,62,,70
68,中壢,2024-01-07,71,8,7,,43,45,,71
69,竹山,2024-01-07,86,2,5,,42,22,67,86
70,永和,2024-01-07,63,5,6,,40,23,,63
71,復興,2024-01-07,125,12,8,,76,52,,125
72,埔里,2024-01-07,61,2,5,,28,30,48,61
75,馬祖,2024-01-07,165,5,8,,104,20,104,165
77,金門,2024-01-07,156,8,8,,90,20,115,156
78,馬公,2024-01-07,100,0,3,,32,7,100,71
80,關山,2024-01-07,51,2,3,,30,8,43,51
83,麥寮,2024-01-07,85,5,5,,58,22,,85
84,富貴角,2024-01-07,100,0,3,,52,7,100,67
85,大城,2024-01-07,104,2,3,,48,13,104,76
1,基隆,2024-01-08,51,2,7,,22,51,44,43
2,汐止,2024-01-08,56,5,6,,25,56,35,42
3,萬里,2024-01-08,50,5,2,,35,18,50,36
4,新店,2024-01-08,53,2,6,,24,53,43,49
5,土城,2024-01-08,53,2,8,,29,52,42,53
6,板橋,2024-01-08,60,2,9,,27,60,42,42
7,新莊,2024-01-08,57,2,7,,35,57,41,44
8,菜寮,2024-01-08,62,5,9,,28,62,43,44
9,林口,2024-01-08,55,2,3,,25,55,43,41
10,淡水,2024-01-08,44,2,6,,32,43,44,43
11,士林,2024-01-08,57,8,6,,26,57,46,39
12,中山,2024-01-08,62,2,10,,29,62,39,46
13,萬華,2024-01-08,64,8,8,,27,64,42,46
14,古亭,2024-01-08,57,2,7,,26,57,43,40
15,松山,2024-01-08,57,5,7,,28,57,39,51
16,大同,2024-01-08,66,2,15,,33,66,,56
17,桃園,2024-01-08,59,5,8,,29,59,43,43
18,大園,2024-01-08,42,5,2,,31,35,42,42
19,觀音,2024-01-08,45,5,2,,35,25,42,45
20,平鎮,2024-01-08,54,2,5,,26,54,43,46
21,龍潭,2024-01-08,60,5,5,,29,60,41,47
22,湖口,2024-01-08,49,2,3,,28,22,44,49
23,竹東,2024-01-08,54,2,3,,24,33,41,54
24,新竹,2024-01-08,44,2,3,,25,37,44,44
25,頭份,2024-01-08,49,5,3,,33,28,,49
26,苗栗,2024-01-08,44,8,3,,30,28,42,44
27,三義,2024-01-08,49,2,2,,22,12,49,38
28,豐原,2024-01-08,69,15,5,,35,37,47,69
29,沙鹿,2024-01-08,50,15,2,,34,25,47,50
30,大里,2024-01-08,67,5,7,,40,51,45,67
31,忠明,2024-01-08,62,8,5,,36,42,44,62
32,西屯,2024-01-08,63,2,3,,34,42,44,63
33,彰化,2024-01-08,50,10,5,,38,45,44,50
34,線西,2024-01-08,44,15,5,,38,37,,44
35,二林,2024-01-08,62,20,3,,48,28,48,62
36,南投,2024-01-08,68,8,5,,42,35,45,68
37,斗六,2024-01-08,81,8,5,,51,28,45,81
38,崙背,2024-01-08,67,8,3,,48,23,47,67
39,新港,2024-01-08,71,10,3,,49,22,51,71
40,朴子,2024-01-08,66,10,3,,44,23,50,66
41,臺西,2024-01-08,45,5,2,,43,22,,45
42,嘉義,2024-01-08,79,18,5,,49,35,44,79
43,新營,2024-01-08,71,8,5,,52,33,49,71
44,善化,2024-01-08,82,12,5,,49,33,48,82
45,安南,2024-01-08,81,5,5,,55,43,50,81
46,臺南,2024-01-08,89,8,6,,56,52,51,89
47,美濃,2024-01-08,79,2,3,,42,20,67,79
48,橋頭,2024-01-08,97,5,6,,58,45,49,97
49,仁武,2024-01-08,99,5,7,,55,60,49,99
50,鳳山,2024-01-08,98,12,9,,65,63,,98
51,大寮,2024-01-08,108,22,7,,71,55,51,108
52,林園,2024-01-08,104,42,6,,73,47,61,104
53,楠梓,2024-01-08,90,8,6,,67,47,51,90
54,左營,2024-01-08,106,5,7,,66,47,54,106
56,前金,2024-01-08,91,5,7,,66,51,61,91
57,前鎮,2024-01-08,99,5,9,,66,57,,99
58,小港,2024-01-08,95,10,8,,64,68,47,95
59,屏東,2024-01-08,94,5,6,,56,45,71,94
60,潮州,2024-01-08,103,10,6,,59,25,87,103
61,恆春,2024-01-08,54,2,2,,14,3,54,28
62,臺東,2024-01-08,44,0,2,,20,17,44,35
63,花蓮,2024-01-08,45,0,5,,17,28,45,36
64,陽明,2024-01-08,48,8,2,,16,5,48,36
65,宜蘭,2024-01-08,43,2,3,,19,20,43,39
66,冬山,2024-01-08,36,2,3,,24,27,36,34
67,三重,2024-01-08,64,2,14,,33,64,,52
68,中壢,2024-01-08,60,8,10,,33,60,,51
69,竹山,2024-01-08,81,10,5,,43,37,48,81
70,永和,2024-01-08,60,2,10,,25,60,,40
71,復興,2024-01-08,95,5,10,,64,60,,95
72,埔里,2024-01-08,63,5,5,,28,32,54,63
75,馬祖,2024-01-08,105,8,5,,58,25,50,105
77,金門,2024-01-08,116,5,6,,72,27,80,116
78,馬公,2024-01-08,58,0,2,,30,7,58,56
80,關山,2024-01-08,38,2,2,,16,12,38,24
83,麥寮,2024-01-08,57,8,3,,43,32,,57
84,富貴角,2024-01-08,64,2,2,,39,5,64,40
85,大城,2024-01-08,61,2,2,,37,20,61,49
1,基隆,2024-01-09,48,5,6,,13,48,25,33
2,汐止,2024-01-09,53,2,7,,18,53,29,37
3,萬里,2024-01-09,39,2,2,,16,20,39,20
4,新店,2024-01-09,48,2,5,,16,48,31,43
5,土城,2024-01-09,52,2,6,,21,48,31,52
6,板橋,2024-01-09,52,2,6,,20,52,29,39
7,新莊,2024-01-09,52,2,5,,17,52,33,37
8,菜寮,2024-01-09,57,2,7,,21,57,31,44
9,林口,2024-01-09,34,2,2,,10,18,34,19
10,淡水,2024-01-09,38,2,3,,14,33,38,29
11,士林,2024-01-09,48,2,6,,20,48,31,34
12,中山,2024-01-09,55,2,8,,22,55,19,46
13,萬華,2024-01-09,59,5,8,,23,59,23,47
14,古亭,2024-01-09,51,2,6,,16,51,22,37
15,松山,2024-01-09,52,5,5,,16,52,25,46
16,大同,2024-01-09,63,2,15,,26,62,,63
17,桃園,2024-01-09,40,18,5,,16,40,31,34
18,大園,2024-01-09,45,5,2,,20,45,38,27
19,觀音,2024-01-09,40,2,1,,22,17,40,34
20,平鎮,2024-01-09,47,2,5,,20,47,30,39
21,龍潭,2024-01-09,50,5,5,,23,50,31,45
22,湖口,2024-01-09,43,2,2,,21,20,36,43
23,竹東,2024-01-09,57,2,3,,23,27,26,57
24,新竹,2024-01-09,44,2,3,,19,28,33,44
25,頭份,2024-01-09,50,5,3,,29,32,,50
26,苗栗,2024-01-09,42,8,2,,30,25,33,42
27,三義,2024-01-09,47,2,2,,22,20,37,47
28,豐原,2024-01-09,56,5,3,,22,27,41,56
29,沙鹿,2024-01-09,59,0,2,,,20,38,59
30,大里,2024-01-09,62,5,7,,33,47,39,62
31,忠明,2024-01-09,61,2,3,,33,33,36,61
32,西屯,2024-01-09,68,2,3,,33,35,36,68
33,彰化,2024-01-09,53,2,3,,35,30,35,53
34,線西,2024-01-09,52,10,3,,34,30,,52
35,二林,2024-01-09,68,12,3,,50,25,39,68
36,南投,2024-01-09,62,2,5,,37,48,38,62
37,斗六,2024-01-09,72,5,3,,46,32,42,72
38,崙背,2024-01-09,74,8,2,,48,18,39,74
39,新港,2024-01-09,70,5,3,,45,18,41,70
40,朴子,2024-01-09,64,5,2,,38,12,41,64
41,臺西,2024-01-09,44,5,2,,34,17,,44
42,嘉義,2024-01-09,74,5,3,,44,30,37,74
43,新營,2024-01-09,62,5,3,,45,28,42,62
44,善化,2024-01-09,65,5,2,,43,20,42,65
45,安南,2024-01-09,71,5,3,,47,28,42,71
46,臺南,2024-01-09,71,2,3,,47,28,44,71
47,美濃,2024-01-09,64,2,3,,35,17,44,64
48,橋頭,2024-01-09,81,5,3,,46,38,37,81
49,仁武,2024-01-09,84,2,5,,45,48,37,84
50,鳳山,2024-01-09,79,8,8,,55,56,,79
51,大寮,2024-01-09,81,5,5,,51,42,41,81
52,林園,2024-01-09,87,10,5,,69,52,41,87
53,楠梓,2024-01-09,74,5,3,,51,33,41,74
54,左營,2024-01-09,83,5,5,,53,37,43,83
56,前金,2024-01-09,77,2,5,,58,33,45,77
57,前鎮,2024-01-09,86,5,6,,56,40,,86
58,小港,2024-01-09,78,5,6,,54,52,43,78
59,屏東,2024-01-09,72,2,3,,44,27,44,72
60,潮州,2024-01-09,79,2,5,,49,20,46,79
61,恆春,2024-01-09,45,0,2,,12,2,45,17
62,臺東,2024-01-09,42,2,2,,16,12,42,30
63,花蓮,2024-01-09,43,2,3,,14,17,43,28
64,陽明,2024-01-09,37,2,2,,4,5,37,19
65,宜蘭,2024-01-09,38,2,2,,14,13,38,32
66,冬山,2024-01-09,36,2,3,,19,32,36,26
67,三重,2024-01-09,61,2,11,,30,61,,54
68,中壢,2024-01-09,55,5,8,,23,55,,44
69,竹山,2024-01-09,75,2,3,,40,33,46,75
70,永和,2024-01-09,52,2,15,,20,52,,38
71,復興,2024-01-09,84,2,7,,59,42,,84
72,埔里,2024-01-09,58,2,5,,28,22,49,58
75,馬祖,2024-01-09,56,2,3,,24,18,32,56
77,金門,2024-01-09,91,8,6,,47,30,46,91
78,馬公,2024-01-09,46,0,2,,16,7,46,43
80,關山,2024-01-09,38,0,2,,14,10,38,12
83,麥寮,2024-01-09,59,5,3,,34,17,,59
84,富貴角,2024-01-09,50,0,1,,29,5,50,19
85,大城,2024-01-09,49,2,2,,30,15,48,49
1,基隆,2024-01-10,93,2,6,,45,23,54,93
2,汐止,2024-01-10,91,2,6,,46,55,43,91
3,萬里,2024-01-10,89,5,6,,75,10,74,89
4,新店,2024-01-10,92,0,7,,42,38,39,92
5,土城,2024-01-10,94,2,7,,43,40,25,94
6,板橋,2024-01-10,79,2,7,,41,56,40,79
7,新莊,2024-01-10,83,2,6,,43,38,45,83
8,菜寮,2024-01-10,84,2,6,,43,51,43,84
9,林口,2024-01-10,80,2,6,,44,38,44,80
10,淡水,2024-01-10,96,5,6,,45,33,40,96
11,士林,2024-01-10,78,2,5,,41,33,44,78
12,中山,2024-01-10,87,2,7,,45,55,34,87
13,萬華,2024-01-10,88,5,7,,43,55,33,88
14,古亭,2024-01-10,86,2,7,,42,52,37,86
15,松山,2024-01-10,95,5,6,,45,52,41,95
16,大同,2024-01-10,97,2,12,,46,57,,97
17,桃園,2024-01-10,89,12,7,,47,51,42,89
18,大園,2024-01-10,89,2,5,,48,38,48,89
19,觀音,2024-01-10,83,2,5,,47,17,61,83
20,平鎮,2024-01-10,93,5,7,,44,42,42,93
21,龍潭,2024-01-10,89,2,6,,46,51,45,89
22,湖口,2024-01-10,88,2,6,,45,28,51,88
23,竹東,2024-01-10,86,0,6,,40,25,43,86
24,新竹,2024-01-10,84,5,6,,35,30,48,84
25,頭份,2024-01-10,83,5,6,,43,25,,83
26,苗栗,2024-01-10,74,15,6,,42,30,44,74
27,三義,2024-01-10,64,2,5,,30,18,45,64
28,豐原,2024-01-10,62,5,5,,26,15,44,62
29,沙鹿,2024-01-10,68,2,5,,43,20,45,68
30,大里,2024-01-10,59,2,6,,29,35,40,59
31,忠明,2024-01-10,70,5,6,,37,27,41,70
32,西屯,2024-01-10,76,2,5,,43,23,45,76
33,彰化,2024-01-10,60,2,6,,43,27,44,60
34,線西,2024-01-10,65,10,6,,44,42,,65
35,二林,2024-01-10,88,5,5,,88,23,49,82
36,南投,2024-01-10,82,2,6,,47,37,41,82
37,斗六,2024-01-10,89,5,6,,62,33,48,89
38,崙背,2024-01-10,85,5,5,,54,23,47,85
39,新港,2024-01-10,77,2,5,,61,22,51,77
40,朴子,2024-01-10,82,8,5,,65,23,49,82
41,臺西,2024-01-10,57,8,5,,46,18,,57
42,嘉義,2024-01-10,87,5,6,,52,30,47,87
43,新營,2024-01-10,75,2,5,,54,37,43,75
44,善化,2024-01-10,81,5,5,,51,23,51,81
45,安南,2024-01-10,82,5,6,,68,28,49,82
46,臺南,2024-01-10,88,5,5,,59,28,51,88
47,美濃,2024-01-10,79,2,5,,49,20,64,79
48,橋頭,2024-01-10,95,5,6,,60,35,49,95
49,仁武,2024-01-10,103,2,6,,54,37,50,103
50,鳳山,2024-01-10,97,5,8,,66,45,,97
51,大寮,2024-01-10,101,12,6,,64,33,51,101
52,林園,2024-01-10,104,8,6,,77,48,50,104
53,楠梓,2024-01-10,91,2,6,,65,32,51,91
54,左營,2024-01-10,97,5,6,,60,28,54,97
56,前金,2024-01-10,90,2,6,,66,28,54,90
57,前鎮,2024-01-10,97,5,7,,65,42,,97
58,小港,2024-01-10,100,2,6,,66,47,49,100
59,屏東,2024-01-10,92,2,6,,57,28,61,92
60,潮州,2024-01-10,95,2,6,,65,27,67,95
61,恆春,2024-01-10,51,2,3,,25,3,51,47
62,臺東,2024-01-10,55,2,5,,32,13,47,55
63,花蓮,2024-01-10,63,0,6,,32,20,44,63
64,陽明,2024-01-10,70,2,5,,35,8,61,70
65,宜蘭,2024-01-10,71,2,5,,34,10,46,71
66,冬山,2024-01-10,72,2,5,,40,30,49,72
67,三重,2024-01-10,96,5,15,,52,67,,96
68,中壢,2024-01-10,95,5,12,,49,62,,95
69,竹山,2024-01-10,93,2,6,,47,37,47,93
70,永和,2024-01-10,87,5,11,,45,50,,87
71,復興,2024-01-10,94,2,8,,64,47,,94
72,埔里,2024-01-10,58,2,5,,29,23,46,58
75,馬祖,2024-01-10,129,2,6,,69,22,87,129
77,金門,2024-01-10,112,8,6,,55,30,80,112
78,馬公,2024-01-10,61,0,3,,22,7,61,55
80,關山,2024-01-10,38,2,5,,22,13,38,34
83,麥寮,2024-01-10,72,10,5,,66,22,,72
84,富貴角,2024-01-10,93,0,5,,66,10,90,93
85,大城,2024-01-10,64,5,5,,41,23,64,64
1,基隆,2024-01-11,65,5,5,,31,28,43,65
2,汐止,2024-01-11,67,8,5,,36,58,38,67
3,萬里,2024-01-11,66,5,3,,66,15,46,61
4,新店,2024-01-11,67,2,5,,35,40,40,67
5,土城,2024-01-11,69,2,5,,39,33,41,69
6,板橋,2024-01-11,61,5,5,,34,43,37,61
7,新莊,2024-01-11,66,2,5,,41,43,38,66
8,菜寮,2024-01-11,68,2,5,,35,50,31,68
9,林口,2024-01-11,61,2,3,,37,48,36,61
10,淡水,2024-01-11,68,5,5,,36,43,41,68
11,士林,2024-01-11,60,10,3,,37,37,38,60
12,中山,2024-01-11,70,2,6,,40,55,32,70
13,萬華,2024-01-11,71,8,6,,39,55,34,71
14,古亭,2024-01-11,66,5,3,,37,48,35,66
15,松山,2024-01-11,72,5,5,,37,55,38,72
16,大同,2024-01-11,79,5,11,,48,59,,79
17,桃園,2024-01-11,66,5,5,,39,33,38,66
18,大園,2024-01-11,68,5,3,,41,52,42,68
19,觀音,2024-01-11,46,5,2,,,37,46,
20,平鎮,2024-01-11,76,5,5,,40,40,39,76
21,龍潭,2024-01-11,70,5,5,,40,37,40,70
22,湖口,2024-01-11,77,5,3,,41,35,44,77
23,竹東,2024-01-11,66,2,3,,34,23,42,66
24,新竹,2024-01-11,75,8,5,,32,33,43,75
25,頭份,2024-01-11,75,5,5,,43,42,,75
26,苗栗,2024-01-11,69,8,5,,44,47,45,69
27,三義,2024-01-11,66,2,3,,34,23,48,66
28,豐原,2024-01-11,66,8,5,,32,28,58,66
29,沙鹿,2024-01-11,76,5,5,,53,51,48,76
30,大里,2024-01-11,77,5,7,,43,58,54,77
31,忠明,2024-01-11,75,5,7,,44,60,48,75
32,西屯,2024-01-11,83,5,5,,44,54,44,83
33,彰化,2024-01-11,69,5,6,,46,54,48,69
34,線西,2024-01-11,71,18,3,,48,45,,71
35,二林,2024-01-11,89,10,5,,64,33,51,89
36,南投,2024-01-11,89,2,6,,49,48,54,89
37,斗六,2024-01-11,100,8,5,,61,37,54,100
38,崙背,2024-01-11,95,5,5,,59,27,49,95
39,新港,2024-01-11,95,8,3,,62,25,74,95
40,朴子,2024-01-11,94,10,5,,57,20,67,94
41,臺西,2024-01-11,77,12,5,,60,37,,77
42,嘉義,2024-01-11,96,15,6,,58,42,58,96
43,新營,2024-01-11,89,8,5,,61,40,58,89
44,善化,2024-01-11,87,8,3,,50,38,58,87
45,安南,2024-01-11,92,10,5,,63,47,64,92
46,臺南,2024-01-11,97,8,5,,57,51,64,97
47,美濃,2024-01-11,91,5,5,,52,23,77,91
48,橋頭,2024-01-11,98,10,6,,58,51,61,98
49,仁武,2024-01-11,95,12,7,,54,59,54,95
50,鳳山,2024-01-11,92,10,10,,61,58,,92
51,大寮,2024-01-11,113,18,8,,71,60,54,113
52,林園,2024-01-11,101,38,6,,65,52,84,101
53,楠梓,2024-01-11,93,5,6,,64,59,58,93
54,左營,2024-01-11,99,10,7,,57,61,71,99
56,前金,2024-01-11,82,8,6,,57,48,67,82
57,前鎮,2024-01-11,88,10,8,,59,64,,88
58,小港,2024-01-11,88,12,7,,58,60,48,88
59,屏東,2024-01-11,109,25,7,,69,53,58,109
60,潮州,2024-01-11,112,8,6,,64,25,93,112
61,恆春,2024-01-11,55,2,3,,31,3,50,55
62,臺東,2024-01-11,63,2,3,,37,20,44,63
63,花蓮,2024-01-11,73,2,5,,41,28,41,73
64,陽明,2024-01-11,60,2,3,,30,8,45,60
65,宜蘭,2024-01-11,66,2,3,,35,18,42,66
66,冬山,2024-01-11,67,0,3,,40,28,41,67
67,三重,2024-01-11,75,5,12,,45,62,,75
68,中壢,2024-01-11,74,5,11,,42,55,,74
69,竹山,2024-01-11,103,5,5,,51,32,71,103
70,永和,2024-01-11,66,5,6,,36,38,,66
71,復興,2024-01-11,86,8,9,,57,57,,86
72,埔里,2024-01-11,90,2,6,,44,32,61,90
75,馬祖,2024-01-11,155,2,5,,92,17,80,155
77,金門,2024-01-11,154,5,6,,84,28,87,154
78,馬公,2024-01-11,66,2,3,,29,7,61,66
80,關山,2024-01-11,61,2,3,,41,12,38,61
83,麥寮,2024-01-11,92,10,6,,62,40,,92
84,富貴角,2024-01-11,64,0,2,,55,7,50,64
85,大城,2024-01-11,79,5,5,,55,48,64,79
1,基隆,2024-01-12,43,5,5,,14,40,43,36
2,汐止,2024-01-12,54,10,5,,21,54,36,39
3,萬里,2024-01-12,45,2,2,,18,12,45,25
4,新店,2024-01-12,45,2,3,,19,37,36,45
5,土城,2024-01-12,55,5,10,,25,55,18,55
6,板橋,2024-01-12,60,5,8,,22,60,29,45
7,新莊,2024-01-12,59,2,7,,25,59,37,43
8,菜寮,2024-01-12,61,5,7,,21,61,39,40
9,林口,2024-01-12,52,8,3,,21,52,36,33
10,淡水,2024-01-12,52,2,5,,29,52,40,47
11,士林,2024-01-12,57,10,7,,24,57,40,38
12,中山,2024-01-12,57,8,7,,25,57,31,43
13,萬華,2024-01-12,54,10,5,,23,54,32,44
14,古亭,2024-01-12,52,8,5,,22,52,29,40
15,松山,2024-01-12,56,10,5,,19,56,35,46
16,大同,2024-01-12,62,5,14,,28,62,,59
17,桃園,2024-01-12,55,8,6,,27,55,39,55
18,大園,2024-01-12,63,10,5,,28,63,39,46
19,觀音,2024-01-12,55,8,3,,33,52,42,55
20,平鎮,2024-01-12,58,5,7,,29,56,33,58
21,龍潭,2024-01-12,58,5,5,,29,58,42,57
22,湖口,2024-01-12,63,5,5,,33,50,44,63
23,竹東,2024-01-12,65,2,3,,28,38,46,65
24,新竹,2024-01-12,55,5,5,,22,51,42,55
25,頭份,2024-01-12,60,8,5,,31,56,,60
26,苗栗,2024-01-12,57,8,5,,32,48,44,57
27,三義,2024-01-12,84,5,3,,32,23,84,61
28,豐原,2024-01-12,93,8,6,,39,43,93,74
29,沙鹿,2024-01-12,70,5,5,,43,52,64,70
30,大里,2024-01-12,97,5,8,,54,59,74,97
31,忠明,2024-01-12,88,5,8,,49,60,67,88
32,西屯,2024-01-12,88,5,7,,48,59,71,88
33,彰化,2024-01-12,81,20,6,,46,55,74,81
34,線西,2024-01-12,70,22,6,,45,54,,70
35,二林,2024-01-12,101,5,6,,69,38,93,101
36,南投,2024-01-12,97,5,6,,53,51,93,97
37,斗六,2024-01-12,107,8,6,,65,38,97,107
38,崙背,2024-01-12,121,5,7,,68,45,90,121
39,新港,2024-01-12,112,8,6,,70,43,100,112
40,朴子,2024-01-12,112,8,6,,65,38,101,112
41,臺西,2024-01-12,87,12,7,,61,45,,87
42,嘉義,2024-01-12,101,10,6,,56,50,97,101
43,新營,2024-01-12,102,8,6,,67,52,101,102
44,善化,2024-01-12,107,12,6,,65,43,97,107
45,安南,2024-01-12,113,10,7,,73,55,97,113
46,臺南,2024-01-12,119,8,7,,65,58,100,119
47,美濃,2024-01-12,87,5,3,,42,18,87,73
48,橋頭,2024-01-12,99,8,6,,56,52,80,99
49,仁武,2024-01-12,100,8,7,,53,66,74,100
50,鳳山,2024-01-12,84,5,8,,55,52,,84
51,大寮,2024-01-12,89,56,5,,55,51,80,89
52,林園,2024-01-12,100,32,5,,61,40,100,95
53,楠梓,2024-01-12,89,5,7,,63,59,84,89
54,左營,2024-01-12,106,5,9,,60,64,90,106
56,前金,2024-01-12,84,5,7,,60,60,77,84
57,前鎮,2024-01-12,89,5,8,,59,60,,89
58,小港,2024-01-12,85,8,6,,53,57,49,85
59,屏東,2024-01-12,93,10,5,,52,40,93,82
60,潮州,2024-01-12,90,5,5,,44,20,90,79
61,恆春,2024-01-12,47,2,2,,18,2,47,32
62,臺東,2024-01-12,45,0,3,,21,18,39,45
63,花蓮,2024-01-12,46,5,5,,20,27,42,46
64,陽明,2024-01-12,44,10,2,,14,10,44,31
65,宜蘭,2024-01-12,42,5,2,,19,20,42,35
66,冬山,2024-01-12,45,2,3,,28,37,41,45
67,三重,2024-01-12,67,5,14,,29,67,,53
68,中壢,2024-01-12,62,5,16,,32,62,,59
69,竹山,2024-01-12,100,10,5,,51,35,87,100
70,永和,2024-01-12,50,10,9,,21,50,,41
71,復興,2024-01-12,91,5,9,,59,58,,91
72,埔里,2024-01-12,82,5,6,,40,40,74,82
75,馬祖,2024-01-12,149,20,11,,73,40,71,149
77,金門,2024-01-12,156,10,7,,88,51,80,156
78,馬公,2024-01-12,58,2,2,,17,10,58,36
80,關山,2024-01-12,39,0,2,,24,12,36,39
83,麥寮,2024-01-12,102,8,7,,57,48,,102
84,富貴角,2024-01-12,50,2,1,,25,3,50,23
85,大城,2024-01-12,87,15,7,,53,51,87,83
1,基隆,2024-01-13,47,5,5,,9,47,42,26
2,汐止,2024-01-13,42,10,5,,12,42,39,24
3,萬里,2024-01-13,44,5,1,,13,17,44,19
4,新店,2024-01-13,41,2,3,,11,23,41,27
5,土城,2024-01-13,43,2,5,,15,43,41,37
6,板橋,2024-01-13,37,2,6,,11,37,34,21
7,新莊,2024-01-13,52,2,5,,19,52,39,24
8,菜寮,2024-01-13,55,2,7,,13,55,39,22
9,林口,2024-01-13,40,8,2,,11,35,40,15
10,淡水,2024-01-13,42,8,5,,26,38,42,24
11,士林,2024-01-13,38,8,2,,10,38,38,12
12,中山,2024-01-13,50,5,5,,15,50,33,22
13,萬華,2024-01-13,45,8,3,,13,45,37,28
14,古亭,2024-01-13,37,2,2,,11,28,37,22
15,松山,2024-01-13,37,5,2,,13,35,37,29
16,大同,2024-01-13,53,5,6,,18,53,,38
17,桃園,2024-01-13,43,8,3,,15,43,40,28
18,大園,2024-01-13,60,8,5,,18,60,39,32
19,觀音,2024-01-13,52,8,5,,26,52,41,41
20,平鎮,2024-01-13,40,2,5,,13,40,39,31
21,龍潭,2024-01-13,42,2,3,,13,42,39,31
22,湖口,2024-01-13,43,2,2,,16,28,43,33
23,竹東,2024-01-13,39,2,2,,14,18,39,36
24,新竹,2024-01-13,42,5,3,,10,27,42,31
25,頭份,2024-01-13,45,5,3,,22,33,,45
26,苗栗,2024-01-13,47,10,5,,28,47,40,47
27,三義,2024-01-13,49,2,2,,20,15,49,42
28,豐原,2024-01-13,63,10,5,,28,28,58,63
29,沙鹿,2024-01-13,62,5,5,,37,55,46,62
30,大里,2024-01-13,72,5,7,,36,51,54,72
31,忠明,2024-01-13,76,5,7,,38,58,49,76
32,西屯,2024-01-13,77,2,6,,36,55,47,77
33,彰化,2024-01-13,71,38,5,,38,37,47,71
34,線西,2024-01-13,64,20,6,,44,52,,64
35,二林,2024-01-13,79,10,6,,49,37,49,79
36,南投,2024-01-13,77,5,5,,38,33,71,77
37,斗六,2024-01-13,86,8,5,,46,48,71,86
38,崙背,2024-01-13,85,5,6,,47,38,49,85
39,新港,2024-01-13,89,8,6,,52,37,67,89
40,朴子,2024-01-13,82,8,5,,44,37,58,82
41,臺西,2024-01-13,57,8,5,,40,38,,57
42,嘉義,2024-01-13,88,10,6,,48,35,80,88
43,新營,2024-01-13,85,5,7,,52,53,80,85
44,善化,2024-01-13,81,10,3,,43,38,77,81
45,安南,2024-01-13,97,8,6,,52,55,67,97
46,臺南,2024-01-13,97,8,6,,51,60,67,97
47,美濃,2024-01-13,84,2,3,,31,18,84,61
48,橋頭,2024-01-13,74,5,5,,37,55,74,72
49,仁武,2024-01-13,87,5,6,,37,60,87,76
50,鳳山,2024-01-13,63,2,8,,40,56,,63
51,大寮,2024-01-13,87,71,5,,43,43,87,80
52,林園,2024-01-13,108,40,3,,50,30,108,82
53,楠梓,2024-01-13,71,5,6,,43,61,64,71
54,左營,2024-01-13,79,5,8,,42,60,64,79
56,前金,2024-01-13,87,2,5,,39,42,87,61
57,前鎮,2024-01-13,67,5,8,,40,67,,67
58,小港,2024-01-13,80,5,5,,34,63,80,64
59,屏東,2024-01-13,84,2,5,,39,48,84,66
60,潮州,2024-01-13,100,5,5,,42,18,100,77
61,恆春,2024-01-13,44,2,1,,11,2,44,18
62,臺東,2024-01-13,39,0,2,,13,10,39,28
63,花蓮,2024-01-13,34,5,3,,12,15,34,31
64,陽明,2024-01-13,43,8,1,,6,5,43,21
65,宜蘭,2024-01-13,40,2,2,,11,18,40,23
66,冬山,2024-01-13,37,2,2,,15,15,37,31
67,三重,2024-01-13,58,2,12,,18,58,,31
68,中壢,2024-01-13,48,5,8,,19,48,,36
69,竹山,2024-01-13,87,5,5,,40,23,40,87
70,永和,2024-01-13,38,2,5,,10,38,,22
71,復興,2024-01-13,65,5,10,,40,60,,65
72,埔里,2024-01-13,80,5,5,,36,35,80,79
75,馬祖,2024-01-13,93,10,9,,49,28,87,93
77,金門,2024-01-13,108,12,7,,64,64,54,108
78,馬公,2024-01-13,51,2,2,,13,10,51,30
80,關山,2024-01-13,37,2,2,,14,7,37,21
83,麥寮,2024-01-13,70,15,5,,43,37,,70
84,富貴角,2024-01-13,49,0,1,,15,5,49,9
85,大城,2024-01-13,62,8,5,,42,42,51,62
1,基隆,2024-01-14,47,5,5,,10,47,42,25
2,汐止,2024-01-14,43,5,3,,12,43,39,30
3,萬里,2024-01-14,40,5,1,,11,10,40,20
4,新店,2024-01-14,48,2,3,,12,48,42,31
5,土城,2024-01-14,51,5,6,,18,51,44,42
6,板橋,2024-01-14,52,2,5,,13,52,45,26
7,新莊,2024-01-14,55,2,6,,11,55,47,26
8,菜寮,2024-01-14,56,2,6,,13,56,44,28
9,林口,2024-01-14,45,5,2,,10,37,45,20
10,淡水,2024-01-14,52,8,3,,17,52,43,24
11,士林,2024-01-14,44,2,3,,12,35,44,17
12,中山,2024-01-14,59,2,6,,14,59,35,27
13,萬華,2024-01-14,54,8,5,,13,54,40,28
14,古亭,2024-01-14,43,2,2,,10,32,43,26
15,松山,2024-01-14,55,2,5,,12,55,39,33
16,大同,2024-01-14,60,2,12,,19,60,,46
17,桃園,2024-01-14,59,10,7,,21,59,44,41
18,大園,2024-01-14,53,10,3,,23,52,44,53
19,觀音,2024-01-14,52,8,2,,26,32,45,52
20,平鎮,2024-01-14,61,5,7,,23,61,50,59
21,龍潭,2024-01-14,59,5,6,,25,59,58,57
22,湖口,2024-01-14,84,5,3,,23,45,84,55
23,竹東,2024-01-14,80,5,5,,27,32,80,62
24,新竹,2024-01-14,93,5,7,,22,62,93,64
25,頭份,2024-01-14,65,8,5,,32,35,,65
26,苗栗,2024-01-14,90,8,5,,36,32,90,67
27,三義,2024-01-14,90,5,3,,30,22,90,62
28,豐原,2024-01-14,87,8,5,,34,27,87,76
29,沙鹿,2024-01-14,84,8,3,,43,32,84,75
30,大里,2024-01-14,74,8,6,,36,42,71,74
31,忠明,2024-01-14,83,5,6,,42,52,74,83
32,西屯,2024-01-14,83,8,5,,40,30,80,83
33,彰化,2024-01-14,87,18,6,,45,43,87,81
34,線西,2024-01-14,76,10,3,,44,28,,76
35,二林,2024-01-14,109,8,3,,64,25,90,109
36,南投,2024-01-14,78,2,5,,38,32,67,78
37,斗六,2024-01-14,92,5,3,,52,25,80,92
38,崙背,2024-01-14,100,8,3,,57,28,77,100
39,新港,2024-01-14,86,8,3,,50,32,80,86
40,朴子,2024-01-14,89,8,3,,49,27,67,89
41,臺西,2024-01-14,72,10,3,,50,28,,72
42,嘉義,2024-01-14,75,22,3,,38,23,71,75
43,新營,2024-01-14,71,8,3,,44,28,61,71
44,善化,2024-01-14,69,20,3,,36,22,61,69
45,安南,2024-01-14,73,2,5,,41,42,61,73
46,臺南,2024-01-14,76,2,6,,41,57,64,76
47,美濃,2024-01-14,64,5,3,,27,15,64,57
48,橋頭,2024-01-14,66,5,3,,36,30,61,66
49,仁武,2024-01-14,67,12,5,,36,47,64,67
50,鳳山,2024-01-14,60,5,6,,39,38,,60
51,大寮,2024-01-14,74,59,3,,38,32,74,66
52,林園,2024-01-14,72,18,3,,50,45,61,72
53,楠梓,2024-01-14,64,8,5,,41,43,61,64
54,左營,2024-01-14,70,10,8,,41,60,64,70
56,前金,2024-01-14,64,8,5,,39,43,64,56
57,前鎮,2024-01-14,62,8,5,,37,52,,62
58,小港,2024-01-14,65,5,5,,33,53,64,65
59,屏東,2024-01-14,71,5,3,,33,38,71,60
60,潮州,2024-01-14,84,10,5,,34,17,84,62
61,恆春,2024-01-14,46,2,1,,10,0,46,12
62,臺東,2024-01-14,39,2,2,,9,15,39,19
63,花蓮,2024-01-14,40,2,2,,7,13,40,20
64,陽明,2024-01-14,41,5,1,,9,5,41,23
65,宜蘭,2024-01-14,39,2,2,,10,20,39,18
66,冬山,2024-01-14,37,2,2,,13,10,37,21
67,三重,2024-01-14,62,5,10,,19,62,,33
68,中壢,2024-01-14,62,5,12,,28,62,,60
69,竹山,2024-01-14,84,2,3,,38,30,84,84
70,永和,2024-01-14,45,2,6,,12,45,,28
71,復興,2024-01-14,63,5,6,,39,50,,63
72,埔里,2024-01-14,71,5,5,,31,28,71,68
75,馬祖,2024-01-14,84,5,3,,30,17,84,55
77,金門,2024-01-14,77,2,3,,31,48,77,53
78,馬公,2024-01-14,97,2,2,,21,7,97,46
80,關山,2024-01-14,37,2,1,,10,10,37,9
83,麥寮,2024-01-14,94,12,3,,51,25,,94
84,富貴角,2024-01-14,46,5,1,,17,10,46,15
85,大城,2024-01-14,108,5,3,,45,22,108,76
1,基隆,2024-01-15,69,5,6,,36,33,50,69
2,汐止,2024-01-15,67,5,6,,35,52,44,67
3,萬里,2024-01-15,65,2,5,,59,13,54,65
4,新店,2024-01-15,64,2,6,,23,35,39,64
5,土城,2024-01-15,74,2,7,,31,38,35,74
6,板橋,2024-01-15,66,2,7,,32,47,33,66
7,新莊,2024-01-15,67,0,8,,34,55,39,67
8,菜寮,2024-01-15,60,2,8,,30,55,43,60
9,林口,2024-01-15,60,2,5,,32,52,40,60
10,淡水,2024-01-15,70,5,5,,36,37,47,70
11,士林,2024-01-15,51,2,6,,26,51,44,47
12,中山,2024-01-15,67,2,7,,34,51,33,67
13,萬華,2024-01-15,69,5,7,,33,52,36,69
14,古亭,2024-01-15,67,5,6,,31,52,30,67
15,松山,2024-01-15,75,5,6,,33,52,31,75
16,大同,2024-01-15,78,5,12,,36,61,,78
17,桃園,2024-01-15,70,8,7,,36,48,34,70
18,大園,2024-01-15,85,5,6,,51,57,44,85
19,觀音,2024-01-15,92,20,3,,64,51,46,92
20,平鎮,2024-01-15,80,5,6,,40,47,35,80
21,龍潭,2024-01-15,61,5,5,,32,53,43,61
22,湖口,2024-01-15,82,2,5,,45,37,46,82
23,竹東,2024-01-15,60,2,3,,22,20,47,60
24,新竹,2024-01-15,77,5,5,,37,37,45,77
25,頭份,2024-01-15,75,5,5,,43,42,,75
26,苗栗,2024-01-15,72,8,5,,37,33,43,72
27,三義,2024-01-15,58,2,5,,28,17,46,58
28,豐原,2024-01-15,59,8,5,,23,38,48,59
29,沙鹿,2024-01-15,80,5,3,,48,27,49,80
30,大里,2024-01-15,81,5,7,,38,50,42,81
31,忠明,2024-01-15,79,5,5,,39,50,45,79
32,西屯,2024-01-15,81,2,5,,39,52,46,81
33,彰化,2024-01-15,81,2,6,,51,42,46,81
34,線西,2024-01-15,81,8,5,,55,35,,81
35,二林,2024-01-15,117,8,6,,79,25,50,117
36,南投,2024-01-15,79,2,6,,42,40,49,79
37,斗六,2024-01-15,83,5,6,,50,28,54,83
38,崙背,2024-01-15,116,5,5,,70,27,48,116
39,新港,2024-01-15,118,5,5,,74,28,58,118
40,朴子,2024-01-15,109,8,5,,66,27,54,109
41,臺西,2024-01-15,102,5,5,,68,28,,102
42,嘉義,2024-01-15,85,8,6,,53,33,49,85
43,新營,2024-01-15,96,5,5,,65,45,58,96
44,善化,2024-01-15,90,8,5,,59,27,64,90
45,安南,2024-01-15,105,5,6,,71,51,67,105
46,臺南,2024-01-15,110,8,6,,67,51,71,110
47,美濃,2024-01-15,80,2,3,,40,20,80,65
48,橋頭,2024-01-15,89,5,6,,55,51,64,89
49,仁武,2024-01-15,91,8,6,,52,69,71,91
50,鳳山,2024-01-15,82,8,9,,59,58,,82
51,大寮,2024-01-15,82,15,6,,55,56,48,82
52,林園,2024-01-15,80,12,3,,55,37,80,78
53,楠梓,2024-01-15,82,5,6,,62,55,64,82
54,左營,2024-01-15,96,5,6,,59,55,80,96
56,前金,2024-01-15,84,5,6,,61,53,84,79
57,前鎮,2024-01-15,84,8,7,,58,54,,84
58,小港,2024-01-15,79,5,7,,51,58,49,79
59,屏東,2024-01-15,84,5,5,,51,47,84,71
60,潮州,2024-01-15,64,10,3,,37,28,64,60
61,恆春,2024-01-15,46,2,1,,10,0,46,19
62,臺東,2024-01-15,41,0,2,,12,8,41,23
63,花蓮,2024-01-15,58,0,3,,14,10,58,36
64,陽明,2024-01-15,50,8,3,,12,3,50,31
65,宜蘭,2024-01-15,49,2,3,,24,15,44,49
66,冬山,2024-01-15,58,0,3,,32,27,46,58
67,三重,2024-01-15,67,2,15,,42,60,,67
68,中壢,2024-01-15,81,8,10,,42,52,,81
69,竹山,2024-01-15,85,2,6,,44,38,71,85
70,永和,2024-01-15,62,2,8,,31,42,,62
71,復興,2024-01-15,85,5,8,,58,55,,85
72,埔里,2024-01-15,74,2,5,,32,38,74,63
75,馬祖,2024-01-15,146,5,7,,81,20,50,146
77,金門,2024-01-15,137,8,7,,81,61,74,137
78,馬公,2024-01-15,64,0,3,,28,8,64,63
80,關山,2024-01-15,41,2,2,,14,10,41,17
83,麥寮,2024-01-15,116,8,5,,74,27,,116
84,富貴角,2024-01-15,69,2,3,,46,8,64,69
85,大城,2024-01-15,106,2,5,,63,37,71,106
1,基隆,2024-01-16,43,2,3,,21,32,43,35
2,汐止,2024-01-16,55,2,3,,24,55,30,39
3,萬里,2024-01-16,50,2,1,,50,7,46,33
4,新店,2024-01-16,43,0,3,,21,25,39,43
5,土城,2024-01-16,44,2,3,,23,23,39,44
6,板橋,2024-01-16,38,2,3,,22,35,38,31
7,新莊,2024-01-16,39,2,2,,25,28,39,34
8,菜寮,2024-01-16,39,5,3,,24,37,39,36
9,林口,2024-01-16,35,2,2,,22,35,35,30
10,淡水,2024-01-16,43,8,2,,19,10,43,28
11,士林,2024-01-16,43,10,2,,23,23,43,30
12,中山,2024-01-16,47,2,5,,27,47,35,38
13,萬華,2024-01-16,45,8,3,,24,45,39,42
14,古亭,2024-01-16,40,0,2,,23,40,40,36
15,松山,2024-01-16,48,5,3,,26,48,35,46
16,大同,2024-01-16,57,2,11,,34,57,,55
17,桃園,2024-01-16,39,5,3,,26,30,39,33
18,大園,2024-01-16,38,8,2,,27,38,38,34
19,觀音,2024-01-16,42,5,1,,36,20,42,42
20,平鎮,2024-01-16,42,2,3,,23,23,40,42
21,龍潭,2024-01-16,41,2,2,,19,22,41,26
22,湖口,2024-01-16,41,2,2,,22,15,41,37
23,竹東,2024-01-16,43,0,2,,12,23,43,29
24,新竹,2024-01-16,42,2,3,,16,42,41,40
25,頭份,2024-01-16,36,2,2,,21,28,,36
26,苗栗,2024-01-16,43,8,3,,22,43,38,29
27,三義,2024-01-16,44,2,2,,16,27,44,27
28,豐原,2024-01-16,44,5,3,,18,30,44,42
29,沙鹿,2024-01-16,44,2,2,,31,27,44,44
30,大里,2024-01-16,61,5,7,,30,50,44,61
31,忠明,2024-01-16,53,2,3,,28,47,41,53
32,西屯,2024-01-16,54,2,3,,28,42,40,54
33,彰化,2024-01-16,47,2,3,,30,40,40,47
34,線西,2024-01-16,54,10,3,,36,54,,40
35,二林,2024-01-16,59,8,3,,49,28,44,59
36,南投,2024-01-16,67,2,6,,39,50,46,67
37,斗六,2024-01-16,84,5,6,,54,30,50,84
38,崙背,2024-01-16,64,5,3,,43,22,42,64
39,新港,2024-01-16,71,8,3,,50,25,50,71
40,朴子,2024-01-16,69,8,5,,47,18,49,69
41,臺西,2024-01-16,43,2,3,,41,22,,43
42,嘉義,2024-01-16,85,8,5,,54,37,49,85
43,新營,2024-01-16,73,2,5,,58,30,51,73
44,善化,2024-01-16,83,5,5,,56,27,39,83
45,安南,2024-01-16,79,5,6,,59,33,61,79
46,臺南,2024-01-16,87,5,5,,56,35,64,87
47,美濃,2024-01-16,90,2,5,,51,22,90,80
48,橋頭,2024-01-16,99,5,6,,60,38,54,99
49,仁武,2024-01-16,102,8,6,,58,50,51,102
50,鳳山,2024-01-16,95,8,9,,69,54,,95
51,大寮,2024-01-16,103,8,6,,68,45,71,103
52,林園,2024-01-16,108,15,6,,79,48,108,106
53,楠梓,2024-01-16,92,5,6,,70,43,54,92
54,左營,2024-01-16,96,5,6,,61,40,67,96
56,前金,2024-01-16,85,2,6,,66,40,74,85
57,前鎮,2024-01-16,92,5,7,,66,40,,92
58,小港,2024-01-16,92,8,7,,64,55,46,92
59,屏東,2024-01-16,94,8,6,,69,43,74,94
60,潮州,2024-01-16,108,5,5,,63,23,108,91
61,恆春,2024-01-16,47,2,2,,7,2,47,18
62,臺東,2024-01-16,40,2,3,,11,13,40,23
63,花蓮,2024-01-16,44,2,3,,9,28,44,24
64,陽明,2024-01-16,44,2,2,,4,2,44,12
65,宜蘭,2024-01-16,40,2,2,,12,13,40,27
66,冬山,2024-01-16,42,0,2,,13,13,42,30
67,三重,2024-01-16,56,5,10,,33,56,,45
68,中壢,2024-01-16,39,5,7,,26,38,,39
69,竹山,2024-01-16,86,2,5,,48,30,61,86
70,永和,2024-01-16,32,2,5,,23,32,,32
71,復興,2024-01-16,95,2,8,,62,42,,95
72,埔里,2024-01-16,67,2,5,,33,35,67,63
75,馬祖,2024-01-16,48,2,2,,34,12,41,48
77,金門,2024-01-16,82,5,5,,45,22,51,82
78,馬公,2024-01-16,49,2,2,,24,5,49,42
80,關山,2024-01-16,41,2,2,,11,8,41,8
83,麥寮,2024-01-16,59,8,5,,44,25,,59
84,富貴角,2024-01-16,49,0,1,,41,2,49,32
85,大城,2024-01-16,47,2,3,,39,18,47,42
1,基隆,2024-01-17,41,2,2,,10,27,41,17
2,汐止,2024-01-17,48,2,3,,13,48,36,23
3,萬里,2024-01-17,39,8,1,,13,12,39,16
4,新店,2024-01-17,41,2,2,,12,20,41,24
5,土城,2024-01-17,43,0,5,,12,43,34,29
6,板橋,2024-01-17,52,0,6,,11,52,31,14
7,新莊,2024-01-17,56,0,5,,16,56,33,22
8,菜寮,2024-01-17,58,0,6,,13,58,34,21
9,林口,2024-01-17,35,0,3,,12,33,35,13
10,淡水,2024-01-17,40,8,2,,29,20,40,18
11,士林,2024-01-17,52,0,2,,11,52,39,13
12,中山,2024-01-17,57,2,7,,16,57,28,21
13,萬華,2024-01-17,61,5,6,,16,61,31,24
14,古亭,2024-01-17,35,0,2,,14,35,32,21
15,松山,2024-01-17,50,2,2,,13,50,34,32
16,大同,2024-01-17,62,2,14,,23,62,,44
17,桃園,2024-01-17,43,5,6,,13,43,33,13
18,大園,2024-01-17,59,8,5,,22,59,36,30
19,觀音,2024-01-17,52,5,2,,33,52,41,40
20,平鎮,2024-01-17,58,5,6,,20,58,35,37
21,龍潭,2024-01-17,61,5,6,,21,61,34,29
22,湖口,2024-01-17,51,2,5,,30,51,42,50
23,竹東,2024-01-17,46,2,3,,22,43,39,46
24,新竹,2024-01-17,52,5,5,,21,52,40,45
25,頭份,2024-01-17,48,8,3,,31,48,,39
26,苗栗,2024-01-17,44,8,3,,29,28,44,32
27,三義,2024-01-17,50,5,2,,21,17,50,32
28,豐原,2024-01-17,57,8,3,,31,42,49,57
29,沙鹿,2024-01-17,52,5,6,,37,52,49,47
30,大里,2024-01-17,65,15,8,,41,48,54,65
31,忠明,2024-01-17,60,5,7,,40,59,45,60
32,西屯,2024-01-17,64,2,5,,38,57,45,64
33,彰化,2024-01-17,51,5,5,,37,43,46,51
34,線西,2024-01-17,50,15,5,,35,50,,39
35,二林,2024-01-17,66,10,3,,54,33,50,66
36,南投,2024-01-17,71,2,3,,40,33,71,60
37,斗六,2024-01-17,84,8,5,,52,35,84,75
38,崙背,2024-01-17,74,8,5,,50,35,51,74
39,新港,2024-01-17,71,8,5,,51,35,71,71
40,朴子,2024-01-17,64,8,3,,45,22,64,62
41,臺西,2024-01-17,38,8,3,,38,35,,38
42,嘉義,2024-01-17,84,10,6,,56,40,84,77
43,新營,2024-01-17,74,5,5,,53,43,74,62
44,善化,2024-01-17,70,12,3,,60,42,64,70
45,安南,2024-01-17,87,8,6,,53,52,87,66
46,臺南,2024-01-17,87,5,7,,55,55,87,79
47,美濃,2024-01-17,112,2,3,,45,22,112,70
48,橋頭,2024-01-17,108,5,5,,52,47,108,78
49,仁武,2024-01-17,112,12,6,,50,62,112,81
50,鳳山,2024-01-17,73,10,8,,57,54,,73
51,大寮,2024-01-17,86,28,7,,62,51,80,86
52,林園,2024-01-17,132,12,5,,65,30,132,87
53,楠梓,2024-01-17,108,5,6,,60,57,108,73
54,左營,2024-01-17,122,8,7,,54,56,122,78
56,前金,2024-01-17,118,5,7,,55,50,118,71
57,前鎮,2024-01-17,73,8,7,,57,55,,73
58,小港,2024-01-17,100,8,6,,50,52,100,72
59,屏東,2024-01-17,136,8,5,,57,33,136,86
60,潮州,2024-01-17,129,12,6,,59,27,129,90
61,恆春,2024-01-17,44,2,1,,11,2,44,16
62,臺東,2024-01-17,35,0,2,,11,22,35,19
63,花蓮,2024-01-17,36,2,2,,9,23,36,22
64,陽明,2024-01-17,41,2,1,,6,3,41,18
65,宜蘭,2024-01-17,37,2,3,,12,37,35,13
66,冬山,2024-01-17,35,2,2,,16,35,34,22
67,三重,2024-01-17,67,2,14,,21,67,,34
68,中壢,2024-01-17,62,8,14,,23,62,,35
69,竹山,2024-01-17,93,5,3,,46,27,93,75
70,永和,2024-01-17,42,2,5,,11,42,,21
71,復興,2024-01-17,79,8,9,,55,54,,79
72,埔里,2024-01-17,118,5,5,,33,38,118,62
75,馬祖,2024-01-17,41,8,3,,31,15,40,41
77,金門,2024-01-17,53,10,3,,38,32,45,53
78,馬公,2024-01-17,50,0,1,,21,7,50,29
80,關山,2024-01-17,35,2,2,,12,12,35,8
83,麥寮,2024-01-17,59,8,3,,37,35,,59
84,富貴角,2024-01-17,45,5,1,,30,5,45,17
85,大城,2024-01-17,58,2,3,,38,38,58,48
1,基隆,2024-01-18,53,5,5,,27,42,40,53
2,汐止,2024-01-18,57,18,6,,33,54,40,57
3,萬里,2024-01-18,44,8,2,,28,23,44,32
4,新店,2024-01-18,64,5,6,,22,55,64,51
5,土城,2024-01-18,68,5,7,,36,64,49,68
6,板橋,2024-01-18,64,5,8,,33,64,44,55
7,新莊,2024-01-18,63,8,7,,38,63,37,61
8,菜寮,2024-01-18,64,10,7,,33,64,34,56
9,林口,2024-01-18,57,5,5,,35,57,32,53
10,淡水,2024-01-18,55,5,6,,32,52,34,55
11,士林,2024-01-18,54,2,6,,28,54,33,42
12,中山,2024-01-18,64,12,8,,36,64,28,60
13,萬華,2024-01-18,67,12,8,,32,67,37,58
14,古亭,2024-01-18,56,10,6,,28,56,44,56
15,松山,2024-01-18,64,12,6,,30,57,33,64
16,大同,2024-01-18,69,10,18,,36,69,,66
17,桃園,2024-01-18,66,10,7,,44,63,35,66
18,大園,2024-01-18,59,10,3,,37,45,37,59
19,觀音,2024-01-18,54,5,2,,38,51,39,54
20,平鎮,2024-01-18,74,8,6,,43,64,35,74
21,龍潭,2024-01-18,71,8,8,,50,67,44,71
22,湖口,2024-01-18,67,5,3,,42,55,43,67
23,竹東,2024-01-18,64,2,5,,31,51,49,64
24,新竹,2024-01-18,67,5,5,,35,62,39,67
25,頭份,2024-01-18,67,8,5,,44,60,,67
26,苗栗,2024-01-18,68,5,3,,45,50,30,68
27,三義,2024-01-18,60,2,3,,36,20,54,60
28,豐原,2024-01-18,74,8,3,,39,47,51,74
29,沙鹿,2024-01-18,78,2,3,,57,53,51,78
30,大里,2024-01-18,83,2,7,,50,53,61,83
31,忠明,2024-01-18,82,5,7,,55,61,50,82
32,西屯,2024-01-18,90,2,5,,60,59,48,90
33,彰化,2024-01-18,80,22,6,,54,57,51,80
34,線西,2024-01-18,73,12,3,,56,45,,73
35,二林,2024-01-18,104,8,3,,74,30,49,104
36,南投,2024-01-18,90,2,5,,58,55,71,90
37,斗六,2024-01-18,86,8,5,,60,35,84,86
38,崙背,2024-01-18,97,5,3,,68,22,51,97
39,新港,2024-01-18,95,8,3,,65,27,74,95
40,朴子,2024-01-18,85,8,3,,54,20,67,85
41,臺西,2024-01-18,57,10,2,,50,32,,57
42,嘉義,2024-01-18,99,8,5,,60,35,71,99
43,新營,2024-01-18,86,5,5,,64,33,67,86
44,善化,2024-01-18,84,8,3,,61,32,67,84
45,安南,2024-01-18,91,5,5,,66,47,71,91
46,臺南,2024-01-18,91,5,6,,63,55,74,91
47,美濃,2024-01-18,77,2,3,,38,20,77,62
48,橋頭,2024-01-18,90,2,5,,59,55,61,90
49,仁武,2024-01-18,96,8,5,,53,64,71,96
50,鳳山,2024-01-18,88,5,8,,65,53,,88
51,大寮,2024-01-18,96,12,5,,65,57,67,96
52,林園,2024-01-18,126,10,3,,66,35,126,91
53,楠梓,2024-01-18,84,5,3,,64,48,71,84
54,左營,2024-01-18,96,5,6,,62,51,67,96
56,前金,2024-01-18,104,2,5,,60,37,104,83
57,前鎮,2024-01-18,87,8,7,,65,59,,87
58,小港,2024-01-18,91,8,6,,60,61,48,91
59,屏東,2024-01-18,84,5,7,,55,43,84,83
60,潮州,2024-01-18,100,8,5,,42,22,100,69
61,恆春,2024-01-18,42,2,1,,11,2,42,19
62,臺東,2024-01-18,36,2,2,,12,12,36,19
63,花蓮,2024-01-18,35,5,3,,10,28,35,18
64,陽明,2024-01-18,46,8,2,,9,15,46,23
65,宜蘭,2024-01-18,37,2,3,,14,25,37,18
66,冬山,2024-01-18,32,2,2,,22,25,32,27
67,三重,2024-01-18,67,8,12,,38,64,,67
68,中壢,2024-01-18,79,8,12,,49,64,,79
69,竹山,2024-01-18,101,5,3,,48,30,101,90
70,永和,2024-01-18,64,10,11,,28,64,,49
71,復興,2024-01-18,98,8,9,,59,62,,98
72,埔里,2024-01-18,84,5,5,,34,33,84,63
75,馬祖,2024-01-18,59,10,5,,37,30,44,59
77,金門,2024-01-18,136,15,5,,50,58,136,80
78,馬公,2024-01-18,58,0,2,,19,10,58,35
80,關山,2024-01-18,34,2,1,,13,15,34,10
83,麥寮,2024-01-18,77,2,2,,50,27,,77
84,富貴角,2024-01-18,41,0,2,,28,23,41,35
85,大城,2024-01-18,66,2,2,,48,18,61,66
1,基隆,2024-01-19,38,2,6,,14,38,38,31
2,汐止,2024-01-19,47,5,5,,19,47,34,35
3,萬里,2024-01-19,37,2,2,,27,18,37,22
4,新店,2024-01-19,34,0,3,,13,27,34,29
5,土城,2024-01-19,42,5,5,,19,42,35,40
6,板橋,2024-01-19,48,5,5,,14,48,33,27
7,新莊,2024-01-19,55,5,5,,25,55,35,31
8,菜寮,2024-01-19,55,8,7,,20,55,33,36
9,林口,2024-01-19,48,8,3,,22,48,32,37
10,淡水,2024-01-19,41,5,6,,20,38,34,41
11,士林,2024-01-19,54,2,6,,18,54,34,30
12,中山,2024-01-19,57,5,7,,21,57,29,36
13,萬華,2024-01-19,52,10,5,,21,52,31,39
14,古亭,2024-01-19,43,5,3,,20,43,29,29
15,松山,2024-01-19,52,5,3,,20,52,28,41
16,大同,2024-01-19,58,5,12,,25,58,,55
17,桃園,2024-01-19,60,10,5,,24,60,32,39
18,大園,2024-01-19,38,8,1,,33,37,38,38
19,觀音,2024-01-19,43,2,1,,35,13,42,43
20,平鎮,2024-01-19,56,5,5,,33,51,30,56
21,龍潭,2024-01-19,52,2,5,,31,52,33,47
22,湖口,2024-01-19,53,2,2,,32,23,38,53
23,竹東,2024-01-19,62,2,5,,31,40,34,62
24,新竹,2024-01-19,60,2,3,,29,35,35,60
25,頭份,2024-01-19,66,8,3,,41,38,,66
26,苗栗,2024-01-19,58,5,3,,42,42,37,58
27,三義,2024-01-19,65,2,3,,35,48,41,65
28,豐原,2024-01-19,68,10,3,,35,40,39,68
29,沙鹿,2024-01-19,71,2,3,,49,47,43,71
30,大里,2024-01-19,79,5,7,,48,51,44,79
31,忠明,2024-01-19,73,5,5,,46,54,39,73
32,西屯,2024-01-19,81,5,5,,52,52,41,81
33,彰化,2024-01-19,64,2,5,,47,48,42,64
34,線西,2024-01-19,57,10,5,,44,47,,57
35,二林,2024-01-19,87,10,5,,64,40,44,87
36,南投,2024-01-19,78,5,5,,49,38,49,78
37,斗六,2024-01-19,101,8,5,,68,45,80,101
38,崙背,2024-01-19,98,8,5,,67,35,48,98
39,新港,2024-01-19,98,8,5,,70,33,77,98
40,朴子,2024-01-19,85,8,5,,58,28,67,85
41,臺西,2024-01-19,53,5,3,,47,33,,53
42,嘉義,2024-01-19,115,18,6,,68,42,93,115
43,新營,2024-01-19,102,10,6,,70,42,101,102
44,善化,2024-01-19,92,15,3,,65,33,87,92
45,安南,2024-01-19,98,10,5,,67,50,80,98
46,臺南,2024-01-19,98,8,6,,67,50,80,98
47,美濃,2024-01-19,97,2,3,,41,28,97,62
48,橋頭,2024-01-19,92,5,5,,56,50,87,92
49,仁武,2024-01-19,94,10,6,,51,65,74,94
50,鳳山,2024-01-19,83,10,9,,58,53,,83
51,大寮,2024-01-19,93,28,6,,62,55,77,93
52,林園,2024-01-19,118,12,5,,69,42,118,96
53,楠梓,2024-01-19,90,8,5,,63,51,90,84
54,左營,2024-01-19,129,8,8,,66,55,129,105
56,前金,2024-01-19,100,5,7,,58,52,100,84
57,前鎮,2024-01-19,89,8,8,,62,60,,89
58,小港,2024-01-19,84,18,6,,54,59,49,84
59,屏東,2024-01-19,101,5,5,,54,40,101,78
60,潮州,2024-01-19,118,20,5,,52,25,118,84
61,恆春,2024-01-19,37,2,1,,8,0,37,11
62,臺東,2024-01-19,32,2,2,,12,18,32,24
63,花蓮,2024-01-19,35,2,3,,14,30,35,25
64,陽明,2024-01-19,44,2,1,,4,2,44,17
65,宜蘭,2024-01-19,39,2,2,,13,20,39,19
66,冬山,2024-01-19,35,0,3,,21,35,35,28
67,三重,2024-01-19,57,5,12,,29,57,,50
68,中壢,2024-01-19,54,5,10,,33,53,,54
69,竹山,2024-01-19,112,5,3,,48,28,112,88
70,永和,2024-01-19,45,5,7,,14,45,,27
71,復興,2024-01-19,96,8,9,,57,62,,96
72,埔里,2024-01-19,74,5,5,,34,48,74,63
75,馬祖,2024-01-19,92,0,5,,44,15,39,92
77,金門,2024-01-19,79,5,5,,38,40,43,79
78,馬公,2024-01-19,52,0,2,,25,8,43,52
80,關山,2024-01-19,31,0,1,,14,13,31,16
83,麥寮,2024-01-19,75,10,3,,49,35,,75
84,富貴角,2024-01-19,44,0,1,,37,12,44,28
85,大城,2024-01-19,60,5,2,,41,32,47,60
1,基隆,2024-01-20,29,12,5,,15,27,29,28
2,汐止,2024-01-20,35,2,5,,16,35,26,31
3,萬里,2024-01-20,35,5,3,,20,12,35,22
4,新店,2024-01-20,36,0,5,,15,25,31,36
5,土城,2024-01-20,46,2,5,,20,30,31,46
6,板橋,2024-01-20,40,2,6,,15,40,28,29
7,新莊,2024-01-20,35,5,3,,11,35,29,32
8,菜寮,2024-01-20,42,2,6,,18,42,27,31
9,林口,2024-01-20,38,5,3,,11,38,29,26
10,淡水,2024-01-20,32,2,5,,17,32,29,31
11,士林,2024-01-20,48,2,5,,18,48,26,31
12,中山,2024-01-20,47,2,7,,17,47,19,31
13,萬華,2024-01-20,45,5,6,,17,45,25,34
14,古亭,2024-01-20,35,2,5,,12,35,27,32
15,松山,2024-01-20,40,2,5,,15,40,22,38
16,大同,2024-01-20,54,2,14,,18,54,,50
17,桃園,2024-01-20,40,5,5,,24,37,27,40
18,大園,2024-01-20,35,2,3,,27,25,26,35
19,觀音,2024-01-20,34,2,3,,31,22,29,34
20,平鎮,2024-01-20,51,2,5,,27,43,22,51
21,龍潭,2024-01-20,43,2,5,,27,35,27,43
22,湖口,2024-01-20,52,0,3,,29,28,25,52
23,竹東,2024-01-20,53,2,3,,21,25,26,53
24,新竹,2024-01-20,56,2,5,,24,30,23,56
25,頭份,2024-01-20,54,5,5,,36,27,,54
26,苗栗,2024-01-20,49,8,3,,36,27,27,49
27,三義,2024-01-20,45,2,3,,22,30,37,45
28,豐原,2024-01-20,62,8,3,,28,27,40,62
29,沙鹿,2024-01-20,62,2,3,,42,22,28,62
30,大里,2024-01-20,72,5,6,,39,37,40,72
31,忠明,2024-01-20,67,2,5,,39,32,32,67
32,西屯,2024-01-20,75,2,3,,39,33,31,75
33,彰化,2024-01-20,62,2,3,,40,30,29,62
34,線西,2024-01-20,59,10,3,,40,30,,59
35,二林,2024-01-20,84,5,5,,58,27,27,84
36,南投,2024-01-20,79,2,5,,45,33,44,79
37,斗六,2024-01-20,98,5,5,,64,32,41,98
38,崙背,2024-01-20,83,5,3,,58,27,28,83
39,新港,2024-01-20,84,5,3,,58,23,36,84
40,朴子,2024-01-20,76,5,3,,49,22,36,76
41,臺西,2024-01-20,48,5,3,,42,27,,48
42,嘉義,2024-01-20,103,8,5,,59,32,42,103
43,新營,2024-01-20,97,5,3,,66,27,43,97
44,善化,2024-01-20,97,2,3,,70,25,47,97
45,安南,2024-01-20,98,2,3,,62,23,46,98
46,臺南,2024-01-20,96,2,3,,64,30,49,96
47,美濃,2024-01-20,93,2,3,,49,18,93,78
48,橋頭,2024-01-20,108,2,5,,61,28,71,108
49,仁武,2024-01-20,113,5,5,,56,35,80,113
50,鳳山,2024-01-20,102,8,8,,66,40,,102
51,大寮,2024-01-20,98,12,5,,60,35,77,98
52,林園,2024-01-20,98,12,5,,72,45,71,98
53,楠梓,2024-01-20,98,5,3,,62,27,84,98
54,左營,2024-01-20,108,5,5,,68,28,50,108
56,前金,2024-01-20,100,2,5,,63,30,54,100
57,前鎮,2024-01-20,108,8,7,,71,43,,108
58,小港,2024-01-20,97,12,6,,59,52,67,97
59,屏東,2024-01-20,118,5,5,,62,23,118,96
60,潮州,2024-01-20,85,5,5,,53,17,74,85
61,恆春,2024-01-20,35,0,1,,12,2,35,17
62,臺東,2024-01-20,31,0,2,,11,12,31,17
63,花蓮,2024-01-20,34,5,2,,10,13,34,25
64,陽明,2024-01-20,32,2,3,,2,18,32,15
65,宜蘭,2024-01-20,35,2,3,,10,12,35,16
66,冬山,2024-01-20,33,2,3,,19,25,33,26
67,三重,2024-01-20,55,2,12,,23,55,,44
68,中壢,2024-01-20,52,2,9,,30,43,,52
69,竹山,2024-01-20,102,2,3,,52,33,47,102
70,永和,2024-01-20,47,2,8,,14,47,,30
71,復興,2024-01-20,129,5,8,,70,43,,129
72,埔里,2024-01-20,67,2,3,,34,22,67,61
75,馬祖,2024-01-20,56,0,5,,27,23,26,56
77,金門,2024-01-20,87,2,6,,34,43,34,87
78,馬公,2024-01-20,38,0,2,,19,12,38,36
80,關山,2024-01-20,30,2,1,,12,8,30,10
83,麥寮,2024-01-20,67,5,3,,40,28,,67
84,富貴角,2024-01-20,37,2,3,,35,20,37,24
85,大城,2024-01-20,51,2,2,,38,28,33,51
1,基隆,2024-01-21,41,0,5,,21,10,31,41
2,汐止,2024-01-21,41,2,5,,19,18,27,41
3,萬里,2024-01-21,55,2,5,,55,7,34,47
4,新店,2024-01-21,46,2,6,,16,23,25,46
5,土城,2024-01-21,44,2,5,,17,15,27,44
6,板橋,2024-01-21,30,2,6,,14,28,22,30
7,新莊,2024-01-21,35,0,5,,10,22,24,35
8,菜寮,2024-01-21,26,2,6,,13,25,23,26
9,林口,2024-01-21,28,0,5,,15,13,28,26
10,淡水,2024-01-21,42,2,5,,20,8,29,42
11,士林,2024-01-21,31,2,5,,9,25,31,17
12,中山,2024-01-21,34,0,6,,15,30,21,34
13,萬華,2024-01-21,36,2,6,,16,32,24,36
14,古亭,2024-01-21,40,0,5,,16,27,24,40
15,松山,2024-01-21,52,2,5,,17,25,23,52
16,大同,2024-01-21,48,0,9,,18,47,,48
17,桃園,2024-01-21,28,0,6,,15,22,23,28
18,大園,2024-01-21,41,5,5,,21,27,27,41
19,觀音,2024-01-21,42,0,3,,27,10,29,42
20,平鎮,2024-01-21,46,2,5,,17,22,24,46
21,龍潭,2024-01-21,27,2,5,,13,20,27,26
22,湖口,2024-01-21,42,2,5,,20,15,27,42
23,竹東,2024-01-21,31,0,3,,8,10,31,29
24,新竹,2024-01-21,43,2,5,,14,18,26,43
25,頭份,2024-01-21,39,2,5,,18,15,,39
26,苗栗,2024-01-21,28,5,5,,16,15,25,28
27,三義,2024-01-21,27,2,5,,8,13,27,19
28,豐原,2024-01-21,27,5,5,,6,10,27,25
29,沙鹿,2024-01-21,33,2,5,,17,15,29,33
30,大里,2024-01-21,26,2,5,,7,18,26,22
31,忠明,2024-01-21,34,2,5,,13,18,26,34
32,西屯,2024-01-21,38,2,5,,12,17,28,38
33,彰化,2024-01-21,29,2,5,,14,20,29,26
34,線西,2024-01-21,27,8,5,,15,20,,27
35,二林,2024-01-21,46,8,5,,30,18,31,46
36,南投,2024-01-21,38,2,5,,17,25,30,38
37,斗六,2024-01-21,45,2,5,,24,23,36,45
38,崙背,2024-01-21,55,8,5,,32,20,30,55
39,新港,2024-01-21,53,8,5,,34,20,36,53
40,朴子,2024-01-21,52,8,5,,39,25,35,52
41,臺西,2024-01-21,30,5,5,,30,17,,30
42,嘉義,2024-01-21,51,8,5,,23,27,37,51
43,新營,2024-01-21,45,5,5,,35,25,39,45
44,善化,2024-01-21,54,5,5,,34,27,40,54
45,安南,2024-01-21,55,5,5,,39,28,41,55
46,臺南,2024-01-21,56,5,5,,35,30,42,56
47,美濃,2024-01-21,61,5,5,,41,18,46,61
48,橋頭,2024-01-21,64,2,5,,44,30,44,64
49,仁武,2024-01-21,72,5,5,,40,32,47,72
50,鳳山,2024-01-21,71,5,8,,50,35,,71
51,大寮,2024-01-21,81,18,5,,49,30,58,81
52,林園,2024-01-21,80,8,5,,58,40,67,80
53,楠梓,2024-01-21,65,5,5,,48,30,46,65
54,左營,2024-01-21,71,5,6,,48,32,46,71
56,前金,2024-01-21,63,2,5,,44,32,48,63
57,前鎮,2024-01-21,69,10,6,,49,32,,69
58,小港,2024-01-21,77,10,6,,47,42,48,77
59,屏東,2024-01-21,88,22,6,,54,33,74,88
60,潮州,2024-01-21,89,8,6,,57,23,87,89
61,恆春,2024-01-21,38,2,3,,10,3,38,21
62,臺東,2024-01-21,32,0,5,,14,10,32,20
63,花蓮,2024-01-21,33,0,5,,11,12,33,21
64,陽明,2024-01-21,32,0,5,,2,5,32,14
65,宜蘭,2024-01-21,24,2,5,,8,12,24,21
66,冬山,2024-01-21,29,0,5,,14,18,29,24
67,三重,2024-01-21,50,2,11,,19,50,,39
68,中壢,2024-01-21,42,2,7,,21,33,,42
69,竹山,2024-01-21,56,2,5,,23,28,38,56
70,永和,2024-01-21,38,2,6,,16,20,,38
71,復興,2024-01-21,78,8,7,,48,33,,78
72,埔里,2024-01-21,46,2,5,,21,15,37,46
75,馬祖,2024-01-21,47,0,5,,27,18,39,47
77,金門,2024-01-21,44,2,7,,23,23,37,44
78,馬公,2024-01-21,40,0,3,,15,7,40,31
80,關山,2024-01-21,31,2,3,,11,10,31,9
83,麥寮,2024-01-21,46,10,5,,42,23,,46
84,富貴角,2024-01-21,48,0,3,,48,7,35,48
85,大城,2024-01-21,39,2,5,,28,20,35,39
1,基隆,2024-01-22,34,2,2,,9,5,34,20
2,汐止,2024-01-22,31,2,2,,6,18,31,18
3,萬里,2024-01-22,39,2,2,,39,5,38,28
4,新店,2024-01-22,30,2,3,,6,25,30,21
5,土城,2024-01-22,31,2,3,,7,23,31,24
6,板橋,2024-01-22,30,2,5,,5,30,28,8
7,新莊,2024-01-22,28,2,3,,5,27,28,16
8,菜寮,2024-01-22,30,2,3,,5,20,30,8
9,林口,2024-01-22,30,2,2,,3,18,30,10
10,淡水,2024-01-22,33,8,2,,9,8,33,21
11,士林,2024-01-22,33,2,2,,3,20,33,3
12,中山,2024-01-22,37,0,5,,6,37,28,15
13,萬華,2024-01-22,33,2,3,,7,33,31,15
14,古亭,2024-01-22,33,0,3,,7,33,30,19
15,松山,2024-01-22,30,2,2,,5,22,30,24
16,大同,2024-01-22,51,2,8,,12,51,,29
17,桃園,2024-01-22,29,2,3,,5,17,29,6
18,大園,2024-01-22,31,5,2,,9,20,31,18
19,觀音,2024-01-22,33,0,2,,15,8,33,21
20,平鎮,2024-01-22,28,2,3,,6,27,28,19
21,龍潭,2024-01-22,29,5,3,,4,25,29,10
22,湖口,2024-01-22,32,0,2,,7,13,32,21
23,竹東,2024-01-22,31,0,2,,4,15,31,15
24,新竹,2024-01-22,31,8,3,,3,15,31,21
25,頭份,2024-01-22,18,2,3,,8,17,,18
26,苗栗,2024-01-22,29,5,2,,8,15,29,6
27,三義,2024-01-22,29,2,2,,4,15,29,9
28,豐原,2024-01-22,29,5,3,,5,12,29,24
29,沙鹿,2024-01-22,30,2,2,,14,15,30,19
30,大里,2024-01-22,25,2,3,,4,25,24,13
31,忠明,2024-01-22,27,2,3,,11,27,23,24
32,西屯,2024-01-22,29,2,3,,9,17,28,29
33,彰化,2024-01-22,27,0,3,,9,23,27,11
34,線西,2024-01-22,18,5,3,,12,18,,13
35,二林,2024-01-22,31,2,3,,27,15,31,28
36,南投,2024-01-22,32,2,5,,14,32,21,22
37,斗六,2024-01-22,32,2,3,,22,22,26,32
38,崙背,2024-01-22,32,2,3,,21,17,29,32
39,新港,2024-01-22,32,5,3,,21,18,30,32
40,朴子,2024-01-22,30,8,5,,27,22,30,30
41,臺西,2024-01-22,34,5,3,,34,18,,25
42,嘉義,2024-01-22,31,5,5,,17,27,23,31
43,新營,2024-01-22,29,2,5,,23,23,25,29
44,善化,2024-01-22,43,5,5,,24,23,28,43
45,安南,2024-01-22,36,2,5,,31,25,29,36
46,臺南,2024-01-22,45,2,5,,25,32,30,45
47,美濃,2024-01-22,51,2,5,,33,20,35,51
48,橋頭,2024-01-22,54,2,6,,31,37,26,54
49,仁武,2024-01-22,62,8,6,,29,43,27,62
50,鳳山,2024-01-22,56,5,8,,39,50,,56
51,大寮,2024-01-22,61,22,6,,40,40,31,61
52,林園,2024-01-22,65,15,6,,47,42,39,65
53,楠梓,2024-01-22,55,5,5,,36,33,29,55
54,左營,2024-01-22,61,5,6,,32,35,31,61
56,前金,2024-01-22,49,2,6,,36,33,32,49
57,前鎮,2024-01-22,55,2,7,,38,40,,55
58,小港,2024-01-22,57,5,6,,34,51,33,57
59,屏東,2024-01-22,61,5,6,,38,30,37,61
60,潮州,2024-01-22,70,8,6,,46,28,44,70
61,恆春,2024-01-22,43,2,3,,12,3,43,16
62,臺東,2024-01-22,37,0,3,,17,10,37,15
63,花蓮,2024-01-22,35,0,3,,11,17,35,12
64,陽明,2024-01-22,35,0,2,,0,5,35,9
65,宜蘭,2024-01-22,30,2,3,,2,12,30,6
66,冬山,2024-01-22,31,0,2,,4,20,31,10
67,三重,2024-01-22,52,2,10,,11,52,,18
68,中壢,2024-01-22,38,5,5,,9,38,,24
69,竹山,2024-01-22,41,2,5,,18,25,23,41
70,永和,2024-01-22,27,2,6,,5,27,,14
71,復興,2024-01-22,52,2,8,,35,40,,52
72,埔里,2024-01-22,39,2,5,,19,17,26,39
75,馬祖,2024-01-22,44,0,5,,22,17,30,44
77,金門,2024-01-22,47,2,6,,19,25,25,47
78,馬公,2024-01-22,37,2,3,,13,5,37,24
80,關山,2024-01-22,33,2,3,,13,8,33,5
83,麥寮,2024-01-22,30,8,3,,27,17,,30
84,富貴角,2024-01-22,40,0,2,,39,5,40,31
85,大城,2024-01-22,33,2,3,,23,20,33,29
1,基隆,2024-01-23,35,2,3,,16,13,35,35
2,汐止,2024-01-23,51,2,6,,15,51,30,38
3,萬里,2024-01-23,47,5,3,,47,7,39,39
4,新店,2024-01-23,38,2,5,,11,38,25,31
5,土城,2024-01-23,52,2,5,,14,52,24,33
6,板橋,2024-01-23,48,2,6,,12,48,26,24
7,新莊,2024-01-23,45,2,5,,11,45,29,30
8,菜寮,2024-01-23,52,2,6,,12,52,28,28
9,林口,2024-01-23,31,2,3,,12,27,31,27
10,淡水,2024-01-23,39,8,3,,18,17,33,39
11,士林,2024-01-23,55,2,6,,13,55,31,21
12,中山,2024-01-23,52,2,6,,13,52,25,24
13,萬華,2024-01-23,52,2,6,,14,52,27,30
14,古亭,2024-01-23,38,2,5,,11,38,24,28
15,松山,2024-01-23,48,5,6,,14,48,27,37
16,大同,2024-01-23,57,2,15,,20,57,,46
17,桃園,2024-01-23,30,2,5,,13,30,26,21
18,大園,2024-01-23,32,2,3,,15,32,32,32
19,觀音,2024-01-23,35,2,2,,23,10,34,35
20,平鎮,2024-01-23,43,2,5,,15,43,27,34
21,龍潭,2024-01-23,35,2,5,,11,35,26,23
22,湖口,2024-01-23,33,2,3,,15,27,33,33
23,竹東,2024-01-23,29,0,3,,10,17,29,25
24,新竹,2024-01-23,42,8,5,,10,32,30,42
25,頭份,2024-01-23,32,2,3,,15,27,,32
26,苗栗,2024-01-23,29,5,3,,12,22,29,18
27,三義,2024-01-23,28,2,3,,9,17,28,21
28,豐原,2024-01-23,27,5,3,,7,17,25,27
29,沙鹿,2024-01-23,30,2,3,,15,15,30,27
30,大里,2024-01-23,28,2,5,,6,28,22,14
31,忠明,2024-01-23,30,2,3,,11,25,23,30
32,西屯,2024-01-23,25,2,3,,10,17,25,
33,彰化,2024-01-23,24,2,3,,10,23,24,
34,線西,2024-01-23,20,2,3,,12,20,,20
35,二林,2024-01-23,31,2,3,,21,17,30,31
36,南投,2024-01-23,33,2,5,,14,33,19,28
37,斗六,2024-01-23,33,2,3,,21,22,22,33
38,崙背,2024-01-23,36,0,3,,16,15,26,36
39,新港,2024-01-23,29,5,3,,16,20,25,29
40,朴子,2024-01-23,25,2,3,,19,15,25,24
41,臺西,2024-01-23,24,5,3,,21,18,,24
42,嘉義,2024-01-23,32,5,5,,12,32,20,28
43,新營,2024-01-23,23,2,3,,18,23,22,23
44,善化,2024-01-23,42,5,3,,20,25,21,42
45,安南,2024-01-23,28,2,3,,20,28,21,28
46,臺南,2024-01-23,33,2,3,,17,33,22,33
47,美濃,2024-01-23,22,2,3,,16,22,18,22
48,橋頭,2024-01-23,33,2,5,,25,33,19,32
49,仁武,2024-01-23,40,5,5,,19,40,17,35
50,鳳山,2024-01-23,42,5,7,,28,42,,33
51,大寮,2024-01-23,42,8,5,,29,42,16,40
52,林園,2024-01-23,52,18,6,,39,52,14,51
53,楠梓,2024-01-23,33,2,3,,25,33,18,31
54,左營,2024-01-23,40,2,5,,21,38,19,40
56,前金,2024-01-23,37,2,5,,24,37,19,26
57,前鎮,2024-01-23,40,5,6,,27,40,,33
58,小港,2024-01-23,53,2,5,,27,53,16,38
59,屏東,2024-01-23,35,0,5,,20,32,18,35
60,潮州,2024-01-23,48,2,3,,26,28,15,48
61,恆春,2024-01-23,35,2,3,,10,2,35,12
62,臺東,2024-01-23,29,5,3,,8,13,29,14
63,花蓮,2024-01-23,30,2,3,,8,18,30,15
64,陽明,2024-01-23,37,2,3,,4,7,37,13
65,宜蘭,2024-01-23,28,5,3,,6,15,28,12
66,冬山,2024-01-23,27,2,3,,7,23,27,17
67,三重,2024-01-23,60,5,14,,20,60,,35
68,中壢,2024-01-23,51,5,8,,16,51,,40
69,竹山,2024-01-23,34,2,3,,11,27,20,34
70,永和,2024-01-23,47,2,9,,12,47,,23
71,復興,2024-01-23,43,2,7,,25,43,,22
72,埔里,2024-01-23,17,2,3,,8,17,17,17
75,馬祖,2024-01-23,47,0,3,,24,8,40,47
77,金門,2024-01-23,51,2,5,,17,22,26,51
78,馬公,2024-01-23,36,2,2,,11,7,36,27
80,關山,2024-01-23,30,2,3,,11,10,30,5
83,麥寮,2024-01-23,35,5,3,,19,18,,35
84,富貴角,2024-01-23,63,0,3,,63,7,41,55
85,大城,2024-01-23,29,2,3,,18,18,28,29
1,基隆,2024-01-24,52,5,3,,28,13,33,52
2,汐止,2024-01-24,56,2,3,,31,48,28,56
3,萬里,2024-01-24,63,2,2,,63,7,37,52
4,新店,2024-01-24,53,2,3,,26,27,30,53
5,土城,2024-01-24,53,2,3,,30,28,29,53
6,板橋,2024-01-24,44,2,5,,28,40,30,44
7,新莊,2024-01-24,49,2,3,,30,32,31,49
8,菜寮,2024-01-24,47,2,3,,27,32,30,47
9,林口,2024-01-24,44,2,3,,28,35,28,44
10,淡水,2024-01-24,52,2,3,,29,32,31,52
11,士林,2024-01-24,40,5,2,,25,32,32,40
12,中山,2024-01-24,51,2,5,,31,43,28,51
13,萬華,2024-01-24,54,5,5,,31,47,31,54
14,古亭,2024-01-24,52,2,3,,29,42,29,52
15,松山,2024-01-24,61,5,3,,33,48,29,61
16,大同,2024-01-24,62,2,9,,37,52,,62
17,桃園,2024-01-24,44,2,5,,30,32,27,44
18,大園,2024-01-24,50,5,2,,31,35,30,50
19,觀音,2024-01-24,56,5,2,,41,20,31,56
20,平鎮,2024-01-24,51,2,5,,33,40,27,51
21,龍潭,2024-01-24,44,2,2,,25,25,30,44
22,湖口,2024-01-24,54,2,2,,28,20,32,54
23,竹東,2024-01-24,42,2,2,,21,13,32,42
24,新竹,2024-01-24,55,2,3,,20,32,31,55
25,頭份,2024-01-24,51,5,3,,28,25,,51
26,苗栗,2024-01-24,35,8,2,,23,20,30,35
27,三義,2024-01-24,37,2,2,,17,12,31,37
28,豐原,2024-01-24,39,5,2,,15,12,30,39
29,沙鹿,2024-01-24,44,2,2,,26,22,31,44
30,大里,2024-01-24,37,2,3,,18,37,24,36
31,忠明,2024-01-24,48,2,3,,24,38,28,48
32,西屯,2024-01-24,55,2,2,,23,23,28,55
33,彰化,2024-01-24,34,2,3,,22,33,27,34
34,線西,2024-01-24,37,5,2,,25,28,,37
35,二林,2024-01-24,56,5,3,,40,28,31,56
36,南投,2024-01-24,51,2,5,,28,45,21,51
37,斗六,2024-01-24,64,5,3,,35,33,25,64
38,崙背,2024-01-24,58,5,3,,32,30,28,58
39,新港,2024-01-24,59,5,3,,33,30,31,59
40,朴子,2024-01-24,58,10,3,,36,35,30,58
41,臺西,2024-01-24,46,8,3,,37,25,,46
42,嘉義,2024-01-24,64,10,5,,32,40,27,64
43,新營,2024-01-24,55,5,3,,34,38,33,55
44,善化,2024-01-24,72,8,3,,37,35,32,72
45,安南,2024-01-24,63,5,5,,34,40,33,63
46,臺南,2024-01-24,75,5,5,,37,43,32,75
47,美濃,2024-01-24,56,2,3,,34,18,43,56
48,橋頭,2024-01-24,69,2,5,,37,40,38,69
49,仁武,2024-01-24,69,8,5,,32,52,37,69
50,鳳山,2024-01-24,74,8,7,,40,53,,74
51,大寮,2024-01-24,77,28,6,,45,53,32,77
52,林園,2024-01-24,82,20,5,,51,43,41,82
53,楠梓,2024-01-24,64,8,3,,40,43,39,64
54,左營,2024-01-24,74,5,5,,36,45,41,74
56,前金,2024-01-24,61,2,5,,35,40,39,61
57,前鎮,2024-01-24,67,8,6,,37,54,,67
58,小港,2024-01-24,65,5,6,,35,47,33,65
59,屏東,2024-01-24,73,8,5,,40,37,44,73
60,潮州,2024-01-24,90,10,5,,48,35,43,90
61,恆春,2024-01-24,38,2,2,,9,2,38,12
62,臺東,2024-01-24,30,8,3,,13,17,30,23
63,花蓮,2024-01-24,33,2,3,,18,27,33,29
64,陽明,2024-01-24,34,0,2,,13,5,34,31
65,宜蘭,2024-01-24,34,2,2,,19,12,29,34
66,冬山,2024-01-24,38,0,2,,22,12,32,38
67,三重,2024-01-24,58,2,11,,36,57,,58
68,中壢,2024-01-24,56,5,8,,34,48,,56
69,竹山,2024-01-24,62,2,5,,31,45,17,62
70,永和,2024-01-24,44,5,5,,27,35,,44
71,復興,2024-01-24,64,5,8,,39,57,,64
72,埔里,2024-01-24,40,2,3,,16,23,24,40
75,馬祖,2024-01-24,53,2,2,,33,10,41,53
77,金門,2024-01-24,57,5,3,,26,23,39,57
78,馬公,2024-01-24,41,0,2,,21,5,37,41
80,關山,2024-01-24,30,2,2,,20,13,30,25
83,麥寮,2024-01-24,60,12,3,,35,43,,60
84,富貴角,2024-01-24,56,0,2,,48,5,39,56
85,大城,2024-01-24,53,5,2,,35,33,29,53
1,基隆,2024-01-25,56,5,5,,21,42,29,56
2,汐止,2024-01-25,57,2,5,,21,52,20,57
3,萬里,2024-01-25,47,2,3,,45,12,35,47
4,新店,2024-01-25,52,2,5,,19,45,25,52
5,土城,2024-01-25,56,2,6,,21,54,26,56
6,板橋,2024-01-25,55,2,7,,20,55,26,49
7,新莊,2024-01-25,52,2,6,,21,52,27,52
8,菜寮,2024-01-25,56,2,7,,23,54,25,56
9,林口,2024-01-25,52,2,5,,21,52,27,50
10,淡水,2024-01-25,55,5,5,,24,48,30,55
11,士林,2024-01-25,55,2,6,,21,55,31,45
12,中山,2024-01-25,55,2,7,,21,55,24,53
13,萬華,2024-01-25,56,5,7,,24,56,27,54
14,古亭,2024-01-25,53,2,6,,23,52,28,53
15,松山,2024-01-25,61,5,6,,23,53,25,61
16,大同,2024-01-25,69,2,20,,32,59,,69
17,桃園,2024-01-25,52,2,6,,23,51,25,52
18,大園,2024-01-25,56,2,3,,24,52,29,56
19,觀音,2024-01-25,67,8,3,,37,50,31,67
20,平鎮,2024-01-25,55,2,6,,24,53,26,55
21,龍潭,2024-01-25,51,5,5,,21,51,29,49
22,湖口,2024-01-25,63,8,3,,26,40,28,63
23,竹東,2024-01-25,47,2,5,,17,43,29,47
24,新竹,2024-01-25,65,5,5,,20,47,25,65
25,頭份,2024-01-25,59,5,5,,26,42,,59
26,苗栗,2024-01-25,46,8,5,,23,40,28,46
27,三義,2024-01-25,37,2,3,,15,27,26,37
28,豐原,2024-01-25,44,8,3,,14,23,19,44
29,沙鹿,2024-01-25,50,2,3,,22,35,27,50
30,大里,2024-01-25,49,5,6,,19,45,13,49
31,忠明,2024-01-25,54,5,5,,24,43,18,54
32,西屯,2024-01-25,57,5,3,,22,37,21,57
33,彰化,2024-01-25,43,2,5,,21,43,20,42
34,線西,2024-01-25,43,12,3,,23,38,,43
35,二林,2024-01-25,67,12,3,,40,33,24,67
36,南投,2024-01-25,60,5,6,,32,50,10,60
37,斗六,2024-01-25,75,5,5,,41,47,18,75
38,崙背,2024-01-25,65,5,5,,31,35,21,65
39,新港,2024-01-25,68,8,3,,37,33,25,68
40,朴子,2024-01-25,65,10,6,,34,35,28,65
41,臺西,2024-01-25,45,5,3,,30,27,,45
42,嘉義,2024-01-25,69,5,5,,37,47,22,69
43,新營,2024-01-25,63,8,5,,36,40,29,63
44,善化,2024-01-25,74,8,3,,,40,32,74
45,安南,2024-01-25,69,5,5,,37,38,31,69
46,臺南,2024-01-25,77,5,5,,38,43,32,77
47,美濃,2024-01-25,70,2,3,,42,32,41,70
48,橋頭,2024-01-25,85,5,6,,47,48,34,85
49,仁武,2024-01-25,90,8,6,,43,53,33,90
50,鳳山,2024-01-25,94,8,8,,55,55,,94
51,大寮,2024-01-25,97,20,5,,56,52,36,97
52,林園,2024-01-25,103,12,6,,68,53,41,103
53,楠梓,2024-01-25,82,8,5,,51,50,35,82
54,左營,2024-01-25,95,8,6,,50,48,35,95
56,前金,2024-01-25,84,5,6,,52,47,37,84
57,前鎮,2024-01-25,87,8,7,,56,52,,87
58,小港,2024-01-25,89,5,6,,52,56,28,89
59,屏東,2024-01-25,86,2,5,,50,35,41,86
60,潮州,2024-01-25,105,5,3,,57,32,44,105
61,恆春,2024-01-25,39,2,2,,7,2,39,11
62,臺東,2024-01-25,26,2,3,,12,17,26,25
63,花蓮,2024-01-25,45,0,5,,15,45,16,32
64,陽明,2024-01-25,33,0,3,,5,10,33,13
65,宜蘭,2024-01-25,31,2,3,,16,22,25,31
66,冬山,2024-01-25,34,0,3,,15,27,29,34
67,三重,2024-01-25,65,2,16,,30,59,,65
68,中壢,2024-01-25,60,5,8,,25,52,,60
69,竹山,2024-01-25,72,2,5,,35,52,15,72
70,永和,2024-01-25,48,5,7,,20,48,,47
71,復興,2024-01-25,88,5,7,,53,55,,88
72,埔里,2024-01-25,60,2,5,,27,32,23,60
75,馬祖,2024-01-25,77,5,2,,43,18,33,77
77,金門,2024-01-25,77,8,5,,38,30,37,77
78,馬公,2024-01-25,52,2,3,,23,12,36,52
80,關山,2024-01-25,26,0,2,,19,15,22,26
83,麥寮,2024-01-25,63,10,5,,33,42,,63
84,富貴角,2024-01-25,55,0,3,,44,13,38,55
85,大城,2024-01-25,52,8,3,,27,32,26,52
1,基隆,2024-01-26,59,2,3,,29,25,41,59
2,汐止,2024-01-26,64,2,5,,32,50,26,64
3,萬里,2024-01-26,59,2,3,,59,10,50,54
4,新店,2024-01-26,66,5,5,,30,38,31,66
5,土城,2024-01-26,63,5,5,,34,40,29,63
6,板橋,2024-01-26,58,5,6,,31,45,27,58
7,新莊,2024-01-26,62,0,6,,34,50,29,62
8,菜寮,2024-01-26,59,2,6,,32,48,31,59
9,林口,2024-01-26,56,2,5,,35,47,28,56
10,淡水,2024-01-26,59,5,5,,31,33,36,59
11,士林,2024-01-26,52,5,5,,30,43,35,52
12,中山,2024-01-26,65,2,7,,35,52,23,65
13,萬華,2024-01-26,65,5,6,,35,52,24,65
14,古亭,2024-01-26,65,5,5,,33,55,28,65
15,松山,2024-01-26,72,8,5,,33,52,25,72
16,大同,2024-01-26,78,2,12,,42,61,,78
17,桃園,2024-01-26,65,2,6,,37,48,24,65
18,大園,2024-01-26,61,8,3,,37,40,37,61
19,觀音,2024-01-26,72,8,3,,48,23,42,72
20,平鎮,2024-01-26,63,5,6,,37,48,22,63
21,龍潭,2024-01-26,62,5,5,,36,38,31,62
22,湖口,2024-01-26,67,2,3,,36,28,34,67
23,竹東,2024-01-26,54,2,3,,25,25,32,54
24,新竹,2024-01-26,69,5,5,,28,35,27,69
25,頭份,2024-01-26,65,5,5,,35,35,,65
26,苗栗,2024-01-26,52,8,3,,30,33,28,52
27,三義,2024-01-26,45,2,3,,20,20,31,45
28,豐原,2024-01-26,49,5,3,,18,23,35,49
29,沙鹿,2024-01-26,62,2,3,,34,30,35,62
30,大里,2024-01-26,55,5,5,,25,42,34,55
31,忠明,2024-01-26,62,5,5,,29,37,31,62
32,西屯,2024-01-26,68,2,3,,30,32,32,68
33,彰化,2024-01-26,55,2,5,,32,43,34,55
34,線西,2024-01-26,55,10,5,,38,33,,55
35,二林,2024-01-26,84,8,5,,56,28,40,84
36,南投,2024-01-26,71,2,5,,36,48,34,71
37,斗六,2024-01-26,96,5,5,,54,42,41,96
38,崙背,2024-01-26,85,5,5,,46,32,39,85
39,新港,2024-01-26,85,5,3,,47,30,44,85
40,朴子,2024-01-26,79,8,5,,43,32,44,79
41,臺西,2024-01-26,63,10,3,,42,20,,63
42,嘉義,2024-01-26,91,10,6,,48,45,40,91
43,新營,2024-01-26,86,8,5,,50,43,44,86
44,善化,2024-01-26,97,8,5,,,42,44,97
45,安南,2024-01-26,87,8,5,,47,33,47,87
46,臺南,2024-01-26,95,8,5,,48,45,47,95
47,美濃,2024-01-26,67,2,5,,43,32,64,67
48,橋頭,2024-01-26,96,8,6,,51,43,46,96
49,仁武,2024-01-26,95,8,6,,46,55,45,95
50,鳳山,2024-01-26,97,8,9,,57,58,,97
51,大寮,2024-01-26,96,5,6,,56,54,45,96
52,林園,2024-01-26,105,20,7,,68,54,46,105
53,楠梓,2024-01-26,88,10,5,,55,42,48,88
54,左營,2024-01-26,101,5,6,,52,47,50,101
56,前金,2024-01-26,87,5,6,,52,43,50,87
57,前鎮,2024-01-26,89,5,7,,59,52,,89
58,小港,2024-01-26,90,5,7,,52,52,46,90
59,屏東,2024-01-26,90,5,5,,52,38,67,90
60,潮州,2024-01-26,103,8,5,,61,35,74,103
61,恆春,2024-01-26,44,2,2,,9,3,44,9
62,臺東,2024-01-26,33,2,3,,12,15,33,17
63,花蓮,2024-01-26,31,0,5,,15,30,25,31
64,陽明,2024-01-26,46,2,3,,12,8,46,30
65,宜蘭,2024-01-26,30,2,3,,16,17,29,30
66,冬山,2024-01-26,41,0,3,,23,30,28,41
67,三重,2024-01-26,74,2,14,,40,60,,74
68,中壢,2024-01-26,74,5,10,,42,55,,74
69,竹山,2024-01-26,86,5,5,,39,43,45,86
70,永和,2024-01-26,57,5,6,,33,47,,57
71,復興,2024-01-26,90,5,8,,52,52,,90
72,埔里,2024-01-26,63,2,5,,29,30,45,63
75,馬祖,2024-01-26,108,5,3,,60,20,44,108
77,金門,2024-01-26,106,8,7,,54,30,46,106
78,馬公,2024-01-26,53,2,3,,24,8,45,53
80,關山,2024-01-26,26,0,2,,16,13,26,19
83,麥寮,2024-01-26,80,15,5,,47,28,,80
84,富貴角,2024-01-26,63,0,2,,49,8,61,63
85,大城,2024-01-26,69,5,5,,41,30,41,69
1,基隆,2024-01-27,71,2,5,,31,33,43,71
2,汐止,2024-01-27,75,2,5,,34,47,31,75
3,萬里,2024-01-27,69,5,5,,54,15,46,69
4,新店,2024-01-27,71,2,5,,35,45,41,71
5,土城,2024-01-27,75,5,6,,35,37,38,75
6,板橋,2024-01-27,61,2,7,,33,52,38,61
7,新莊,2024-01-27,73,2,6,,35,55,37,73
8,菜寮,2024-01-27,66,2,7,,35,52,37,66
9,林口,2024-01-27,66,2,5,,32,37,32,66
10,淡水,2024-01-27,73,5,6,,34,23,35,73
11,士林,2024-01-27,63,2,6,,32,51,40,63
12,中山,2024-01-27,72,2,7,,35,52,36,72
13,萬華,2024-01-27,71,5,7,,35,54,38,71
14,古亭,2024-01-27,76,2,6,,34,55,38,76
15,松山,2024-01-27,80,5,6,,34,45,36,80
16,大同,2024-01-27,77,2,12,,37,59,,77
17,桃園,2024-01-27,76,2,6,,41,48,34,76
18,大園,2024-01-27,78,8,5,,39,47,38,78
19,觀音,2024-01-27,85,5,5,,49,15,41,85
20,平鎮,2024-01-27,77,2,6,,38,53,31,77
21,龍潭,2024-01-27,76,5,6,,39,43,38,76
22,湖口,2024-01-27,81,2,5,,43,27,39,81
23,竹東,2024-01-27,68,2,3,,30,22,39,68
24,新竹,2024-01-27,85,5,5,,34,38,36,85
25,頭份,2024-01-27,83,5,5,,42,33,,83
26,苗栗,2024-01-27,74,8,5,,42,33,33,74
27,三義,2024-01-27,64,2,3,,29,22,33,64
28,豐原,2024-01-27,63,8,3,,22,27,30,63
29,沙鹿,2024-01-27,81,5,3,,41,27,34,81
30,大里,2024-01-27,68,5,6,,31,47,25,68
31,忠明,2024-01-27,76,5,5,,37,40,27,76
32,西屯,2024-01-27,84,5,3,,38,38,31,84
33,彰化,2024-01-27,71,2,5,,39,40,31,71
34,線西,2024-01-27,71,10,5,,40,30,,71
35,二林,2024-01-27,105,10,5,,66,35,36,105
36,南投,2024-01-27,83,2,6,,44,51,27,83
37,斗六,2024-01-27,109,5,5,,61,38,34,109
38,崙背,2024-01-27,105,8,5,,56,35,34,105
39,新港,2024-01-27,105,8,5,,57,35,38,105
40,朴子,2024-01-27,92,8,5,,53,28,41,92
41,臺西,2024-01-27,80,5,5,,48,28,,80
42,嘉義,2024-01-27,103,10,6,,54,40,37,103
43,新營,2024-01-27,98,8,5,,58,42,42,98
44,善化,2024-01-27,107,8,5,,59,37,45,107
45,安南,2024-01-27,99,5,5,,55,37,46,99
46,臺南,2024-01-27,110,8,5,,57,53,48,110
47,美濃,2024-01-27,80,2,5,,51,23,67,80
48,橋頭,2024-01-27,110,5,6,,61,40,51,110
49,仁武,2024-01-27,114,10,6,,55,45,54,114
50,鳳山,2024-01-27,112,8,8,,68,48,,112
51,大寮,2024-01-27,114,25,6,,66,48,71,114
52,林園,2024-01-27,115,10,6,,76,51,74,115
53,楠梓,2024-01-27,106,5,6,,64,45,58,106
54,左營,2024-01-27,119,5,6,,63,50,64,119
56,前金,2024-01-27,101,5,6,,63,42,67,101
57,前鎮,2024-01-27,104,5,6,,64,50,,104
58,小港,2024-01-27,103,8,6,,61,48,71,103
59,屏東,2024-01-27,105,2,5,,60,32,87,105
60,潮州,2024-01-27,120,5,5,,68,25,104,120
61,恆春,2024-01-27,48,2,2,,11,2,48,16
62,臺東,2024-01-27,39,0,2,,11,13,39,24
63,花蓮,2024-01-27,37,0,5,,12,37,30,37
64,陽明,2024-01-27,44,2,3,,7,7,44,21
65,宜蘭,2024-01-27,45,2,3,,20,20,32,45
66,冬山,2024-01-27,48,0,3,,23,32,37,48
67,三重,2024-01-27,81,5,14,,43,62,,81
68,中壢,2024-01-27,86,5,8,,44,54,,86
69,竹山,2024-01-27,101,2,6,,49,48,37,101
70,永和,2024-01-27,65,2,7,,33,47,,65
71,復興,2024-01-27,105,5,7,,62,48,,105
72,埔里,2024-01-27,74,2,6,,32,30,42,74
75,馬祖,2024-01-27,145,5,5,,72,22,44,145
77,金門,2024-01-27,121,8,6,,59,28,46,121
78,馬公,2024-01-27,70,2,3,,30,10,46,70
80,關山,2024-01-27,30,2,2,,14,12,30,23
83,麥寮,2024-01-27,96,8,5,,53,32,,96
84,富貴角,2024-01-27,74,0,3,,48,10,48,74
85,大城,2024-01-27,81,8,3,,44,30,41,81
1,基隆,2024-01-28,97,2,5,,45,22,42,97
2,汐止,2024-01-28,102,8,5,,49,38,32,102
3,萬里,2024-01-28,90,5,5,,72,13,61,90
4,新店,2024-01-28,89,5,6,,44,28,41,89
5,土城,2024-01-28,91,8,5,,46,22,40,91
6,板橋,2024-01-28,84,2,6,,44,38,37,84
7,新莊,2024-01-28,96,2,5,,47,25,40,96
8,菜寮,2024-01-28,91,2,6,,45,37,39,91
9,林口,2024-01-28,86,2,5,,45,27,43,86
10,淡水,2024-01-28,93,5,6,,46,38,39,93
11,士林,2024-01-28,81,5,5,,41,37,47,81
12,中山,2024-01-28,96,2,6,,49,43,32,96
13,萬華,2024-01-28,93,5,6,,48,47,36,93
14,古亭,2024-01-28,98,5,5,,45,33,42,98
15,松山,2024-01-28,104,5,5,,49,37,33,104
16,大同,2024-01-28,99,2,9,,48,57,,99
17,桃園,2024-01-28,95,2,6,,50,32,40,95
18,大園,2024-01-28,94,8,5,,49,45,38,94
19,觀音,2024-01-28,104,5,3,,62,23,44,104
20,平鎮,2024-01-28,94,2,6,,48,32,42,94
21,龍潭,2024-01-28,89,5,5,,48,23,42,89
22,湖口,2024-01-28,99,2,5,,50,22,43,99
23,竹東,2024-01-28,88,2,3,,40,17,39,88
24,新竹,2024-01-28,103,5,5,,42,30,40,103
25,頭份,2024-01-28,97,5,5,,48,23,,97
26,苗栗,2024-01-28,88,10,5,,47,27,40,88
27,三義,2024-01-28,74,2,5,,34,13,39,74
28,豐原,2024-01-28,69,5,5,,26,13,36,69
29,沙鹿,2024-01-28,88,2,5,,46,17,44,88
30,大里,2024-01-28,75,5,6,,32,28,34,75
31,忠明,2024-01-28,85,2,5,,40,22,37,85
32,西屯,2024-01-28,96,2,5,,41,22,39,96
33,彰化,2024-01-28,80,2,5,,39,22,41,80
34,線西,2024-01-28,84,10,6,,47,25,,84
35,二林,2024-01-28,122,8,6,,69,22,44,122
36,南投,2024-01-28,90,2,5,,42,27,37,90
37,斗六,2024-01-28,113,2,5,,55,20,47,113
38,崙背,2024-01-28,120,10,6,,62,32,42,120
39,新港,2024-01-28,118,10,5,,62,32,48,118
40,朴子,2024-01-28,111,12,6,,60,25,47,111
41,臺西,2024-01-28,85,2,5,,55,17,,85
42,嘉義,2024-01-28,111,8,6,,53,25,47,111
43,新營,2024-01-28,109,8,5,,61,27,47,109
44,善化,2024-01-28,116,8,5,,65,25,48,116
45,安南,2024-01-28,114,5,6,,59,27,51,114
46,臺南,2024-01-28,121,5,6,,61,30,51,121
47,美濃,2024-01-28,93,2,6,,54,22,54,93
48,橋頭,2024-01-28,120,8,6,,59,38,51,120
49,仁武,2024-01-28,123,8,6,,52,38,54,123
50,鳳山,2024-01-28,128,8,8,,68,45,,128
51,大寮,2024-01-28,124,8,6,,64,42,80,124
52,林園,2024-01-28,127,20,6,,74,45,84,127
53,楠梓,2024-01-28,116,8,6,,63,38,54,116
54,左營,2024-01-28,131,8,6,,66,37,61,131
56,前金,2024-01-28,119,5,6,,67,37,64,119
57,前鎮,2024-01-28,118,5,7,,68,42,,118
58,小港,2024-01-28,119,8,7,,65,47,61,119
59,屏東,2024-01-28,110,5,6,,59,30,67,110
60,潮州,2024-01-28,126,12,5,,66,25,93,126
61,恆春,2024-01-28,48,2,3,,12,3,48,25
62,臺東,2024-01-28,41,2,3,,16,12,41,30
63,花蓮,2024-01-28,65,2,7,,26,27,39,65
64,陽明,2024-01-28,64,2,3,,26,13,51,64
65,宜蘭,2024-01-28,77,2,5,,38,25,32,77
66,冬山,2024-01-28,79,0,5,,40,28,36,79
67,三重,2024-01-28,108,2,11,,52,60,,108
68,中壢,2024-01-28,101,5,8,,51,48,,101
69,竹山,2024-01-28,96,2,5,,43,30,47,96
70,永和,2024-01-28,84,5,6,,45,28,,84
71,復興,2024-01-28,125,5,8,,66,43,,125
72,埔里,2024-01-28,63,2,5,,26,22,43,63
75,馬祖,2024-01-28,152,5,5,,85,22,80,152
77,金門,2024-01-28,149,5,7,,68,27,64,149
78,馬公,2024-01-28,78,2,3,,35,12,64,78
80,關山,2024-01-28,40,2,3,,22,10,38,40
83,麥寮,2024-01-28,112,8,5,,67,18,,112
84,富貴角,2024-01-28,96,0,3,,61,12,77,96
85,大城,2024-01-28,101,2,5,,59,32,43,101
1,基隆,2024-01-29,53,2,9,,18,53,44,48
2,汐止,2024-01-29,60,0,9,,22,60,36,54
3,萬里,2024-01-29,44,15,3,,23,27,44,40
4,新店,2024-01-29,52,2,6,,16,52,44,43
5,土城,2024-01-29,55,2,7,,22,55,42,53
6,板橋,2024-01-29,58,2,9,,21,58,44,43
7,新莊,2024-01-29,57,2,8,,23,57,43,46
8,菜寮,2024-01-29,61,2,9,,25,61,44,53
9,林口,2024-01-29,55,2,6,,22,55,45,45
10,淡水,2024-01-29,57,2,6,,20,57,46,42
11,士林,2024-01-29,60,8,6,,16,60,47,31
12,中山,2024-01-29,63,2,9,,22,63,39,52
13,萬華,2024-01-29,60,5,8,,22,60,42,50
14,古亭,2024-01-29,55,0,6,,18,55,43,47
15,松山,2024-01-29,60,8,9,,20,60,41,58
16,大同,2024-01-29,66,2,24,,30,65,,66
17,桃園,2024-01-29,55,5,7,,23,55,44,42
18,大園,2024-01-29,55,8,3,,26,55,44,46
19,觀音,2024-01-29,56,12,3,,34,33,49,56
20,平鎮,2024-01-29,43,5,6,,24,43,43,41
21,龍潭,2024-01-29,53,5,6,,26,42,39,53
22,湖口,2024-01-29,58,5,5,,25,40,48,58
23,竹東,2024-01-29,57,2,5,,25,28,44,57
24,新竹,2024-01-29,61,5,6,,24,47,50,61
25,頭份,2024-01-29,65,5,5,,37,33,,65
26,苗栗,2024-01-29,65,8,5,,36,33,40,65
27,三義,2024-01-29,44,2,5,,16,28,44,41
28,豐原,2024-01-29,73,8,6,,29,35,44,73
29,沙鹿,2024-01-29,80,2,5,,44,37,58,80
30,大里,2024-01-29,80,5,7,,37,43,41,80
31,忠明,2024-01-29,76,2,7,,39,45,44,76
32,西屯,2024-01-29,83,2,6,,38,45,45,83
33,彰化,2024-01-29,77,2,6,,46,45,49,77
34,線西,2024-01-29,79,12,6,,49,42,,79
35,二林,2024-01-29,112,10,6,,70,28,64,112
36,南投,2024-01-29,88,2,6,,48,40,46,88
37,斗六,2024-01-29,115,8,6,,65,27,46,115
38,崙背,2024-01-29,116,10,6,,66,27,47,116
39,新港,2024-01-29,119,8,6,,62,32,54,119
40,朴子,2024-01-29,113,10,6,,58,23,49,113
41,臺西,2024-01-29,85,5,5,,59,17,,85
42,嘉義,2024-01-29,111,8,6,,60,27,45,111
43,新營,2024-01-29,113,10,6,,65,27,49,113
44,善化,2024-01-29,116,8,6,,68,27,51,116
45,安南,2024-01-29,117,8,6,,63,30,58,117
46,臺南,2024-01-29,120,8,6,,66,38,64,120
47,美濃,2024-01-29,104,2,5,,64,17,104,93
48,橋頭,2024-01-29,120,5,6,,63,42,74,120
49,仁武,2024-01-29,125,10,7,,60,59,67,125
50,鳳山,2024-01-29,120,28,10,,72,64,,120
51,大寮,2024-01-29,128,22,9,,75,57,50,128
52,林園,2024-01-29,130,28,6,,82,40,90,130
53,楠梓,2024-01-29,113,8,6,,71,48,80,113
54,左營,2024-01-29,128,8,7,,67,47,77,128
56,前金,2024-01-29,106,18,7,,66,37,77,106
57,前鎮,2024-01-29,116,25,9,,70,62,,116
58,小港,2024-01-29,117,30,9,,68,70,54,117
59,屏東,2024-01-29,126,18,9,,76,50,115,126
60,潮州,2024-01-29,129,15,6,,77,25,115,129
61,恆春,2024-01-29,50,2,3,,6,3,50,8
62,臺東,2024-01-29,47,0,3,,9,13,47,18
63,花蓮,2024-01-29,45,18,5,,16,33,45,44
64,陽明,2024-01-29,58,5,3,,7,7,58,24
65,宜蘭,2024-01-29,44,2,6,,13,35,44,27
66,冬山,2024-01-29,37,0,5,,15,32,37,28
67,三重,2024-01-29,68,5,18,,30,68,,61
68,中壢,2024-01-29,62,5,11,,30,62,,55
69,竹山,2024-01-29,105,2,6,,51,30,51,105
70,永和,2024-01-29,57,2,10,,17,57,,41
71,復興,2024-01-29,119,20,10,,67,62,,119
72,埔里,2024-01-29,69,2,5,,30,25,54,69
75,馬祖,2024-01-29,126,5,5,,65,20,54,126
77,金門,2024-01-29,103,5,6,,44,45,40,103
78,馬公,2024-01-29,84,2,5,,39,10,74,84
80,關山,2024-01-29,45,2,3,,15,12,45,22
83,麥寮,2024-01-29,110,5,6,,60,27,,110
84,富貴角,2024-01-29,74,2,2,,38,13,74,46
85,大城,2024-01-29,97,2,5,,52,30,54,97
1,基隆,2024-01-30,53,8,8,,28,53,30,53
2,汐止,2024-01-30,60,22,7,,33,59,20,60
3,萬里,2024-01-30,38,2,3,,23,15,38,35
4,新店,2024-01-30,61,5,9,,24,59,25,61
5,土城,2024-01-30,73,5,11,,37,63,24,73
6,板橋,2024-01-30,66,20,11,,31,66,27,62
7,新莊,2024-01-30,62,12,9,,28,62,30,59
8,菜寮,2024-01-30,63,15,9,,30,63,32,60
9,林口,2024-01-30,65,18,7,,22,65,32,40
10,淡水,2024-01-30,61,10,7,,30,61,29,60
11,士林,2024-01-30,58,8,7,,25,58,33,51
12,中山,2024-01-30,66,10,9,,35,61,22,66
13,萬華,2024-01-30,67,18,10,,33,67,29,66
14,古亭,2024-01-30,64,15,8,,24,64,24,55
15,松山,2024-01-30,67,10,7,,29,61,24,67
16,大同,2024-01-30,75,12,17,,33,64,,75
17,桃園,2024-01-30,68,18,10,,36,66,23,68
18,大園,2024-01-30,64,18,6,,34,64,31,59
19,觀音,2024-01-30,61,18,6,,36,61,33,53
20,平鎮,2024-01-30,70,8,14,,35,70,21,61
21,龍潭,2024-01-30,76,5,10,,38,74,25,76
22,湖口,2024-01-30,78,8,8,,37,66,32,78
23,竹東,2024-01-30,74,0,7,,28,52,23,74
24,新竹,2024-01-30,83,2,9,,31,66,31,83
25,頭份,2024-01-30,80,2,10,,40,64,,80
26,苗栗,2024-01-30,67,10,9,,39,56,30,67
27,三義,2024-01-30,37,0,3,,13,27,30,37
28,豐原,2024-01-30,56,8,5,,17,35,35,56
29,沙鹿,2024-01-30,72,2,6,,38,51,31,72
30,大里,2024-01-30,68,2,7,,29,57,40,68
31,忠明,2024-01-30,61,2,8,,27,57,35,61
32,西屯,2024-01-30,68,2,5,,26,51,34,68
33,彰化,2024-01-30,61,2,8,,36,52,32,61
34,線西,2024-01-30,71,15,6,,47,52,,71
35,二林,2024-01-30,100,10,6,,65,38,42,100
36,南投,2024-01-30,77,2,6,,43,52,41,77
37,斗六,2024-01-30,98,8,6,,54,40,44,98
38,崙背,2024-01-30,111,5,5,,66,30,42,111
39,新港,2024-01-30,106,8,5,,59,35,46,106
40,朴子,2024-01-30,105,5,5,,55,22,44,105
41,臺西,2024-01-30,68,5,3,,48,17,,68
42,嘉義,2024-01-30,115,5,6,,59,50,45,115
43,新營,2024-01-30,111,2,5,,65,35,48,111
44,善化,2024-01-30,119,5,5,,81,25,46,119
45,安南,2024-01-30,129,2,6,,65,40,50,129
46,臺南,2024-01-30,124,5,6,,71,53,64,124
47,美濃,2024-01-30,100,2,5,,63,20,100,91
48,橋頭,2024-01-30,138,5,6,,73,45,74,138
49,仁武,2024-01-30,152,8,7,,69,52,71,152
50,鳳山,2024-01-30,137,8,10,,81,59,,137
51,大寮,2024-01-30,122,12,7,,74,57,37,122
52,林園,2024-01-30,98,5,5,,70,32,44,98
53,楠梓,2024-01-30,134,8,6,,80,43,77,134
54,左營,2024-01-30,146,5,8,,82,45,90,146
56,前金,2024-01-30,127,5,7,,74,40,64,127
57,前鎮,2024-01-30,128,8,9,,80,58,,128
58,小港,2024-01-30,128,8,9,,73,67,40,128
59,屏東,2024-01-30,113,5,6,,70,33,48,113
60,潮州,2024-01-30,94,5,5,,62,30,42,94
61,恆春,2024-01-30,43,2,2,,20,2,43,26
62,臺東,2024-01-30,35,0,5,,14,32,35,24
63,花蓮,2024-01-30,35,2,3,,14,20,35,26
64,陽明,2024-01-30,38,2,3,,6,8,38,25
65,宜蘭,2024-01-30,38,2,5,,14,22,38,22
66,冬山,2024-01-30,35,5,5,,21,35,35,32
67,三重,2024-01-30,73,12,14,,34,65,,73
68,中壢,2024-01-30,79,8,22,,40,69,,79
69,竹山,2024-01-30,100,10,6,,46,37,43,100
70,永和,2024-01-30,62,12,16,,28,62,,56
71,復興,2024-01-30,139,8,10,,80,58,,139
72,埔里,2024-01-30,69,2,6,,33,30,54,69
75,馬祖,2024-01-30,43,2,7,,19,28,40,43
77,金門,2024-01-30,82,5,7,,29,40,40,82
78,馬公,2024-01-30,52,0,3,,22,23,47,52
80,關山,2024-01-30,32,2,3,,14,13,32,11
83,麥寮,2024-01-30,92,2,3,,52,17,,92
84,富貴角,2024-01-30,47,5,3,,39,25,47,39
85,大城,2024-01-30,75,0,3,,40,48,44,75
1,基隆,2024-01-31,52,10,9,,20,52,19,48
2,汐止,2024-01-31,60,8,10,,30,60,21,54
3,萬里,2024-01-31,35,2,3,,19,33,35,29
4,新店,2024-01-31,73,2,11,,26,73,28,60
5,土城,2024-01-31,71,10,14,,40,64,24,71
6,板橋,2024-01-31,67,5,16,,32,67,24,60
7,新莊,2024-01-31,58,2,10,,32,58,25,54
8,菜寮,2024-01-31,67,5,14,,29,67,25,60
9,林口,2024-01-31,55,8,5,,19,55,28,38
10,淡水,2024-01-31,61,8,8,,21,61,27,46
11,士林,2024-01-31,59,8,9,,27,59,28,49
12,中山,2024-01-31,66,2,12,,,66,23,
13,萬華,2024-01-31,67,5,15,,31,67,25,63
14,古亭,2024-01-31,63,2,11,,24,63,29,52
15,松山,2024-01-31,62,5,10,,29,60,20,62
16,大同,2024-01-31,74,5,22,,27,74,,69
17,桃園,2024-01-31,74,12,10,,39,58,21,74
18,大園,2024-01-31,62,8,8,,24,62,30,48
19,觀音,2024-01-31,57,8,6,,26,57,32,52
20,平鎮,2024-01-31,61,8,9,,34,60,20,61
21,龍潭,2024-01-31,68,2,9,,33,68,30,58
22,湖口,2024-01-31,77,5,6,,31,48,36,77
23,竹東,2024-01-31,62,2,6,,28,52,35,62
24,新竹,2024-01-31,73,8,7,,27,54,38,73
25,頭份,2024-01-31,70,5,6,,33,45,,70
26,苗栗,2024-01-31,57,10,6,,31,45,43,57
27,三義,2024-01-31,43,2,3,,13,22,43,30
28,豐原,2024-01-31,45,8,3,,16,33,44,45
29,沙鹿,2024-01-31,71,5,6,,38,53,42,71
30,大里,2024-01-31,59,2,7,,24,55,43,59
31,忠明,2024-01-31,59,2,10,,27,59,36,57
32,西屯,2024-01-31,64,2,8,,30,52,39,64
33,彰化,2024-01-31,57,10,6,,33,57,35,57
34,線西,2024-01-31,81,10,6,,51,50,,81
35,二林,2024-01-31,101,5,6,,60,42,42,101
36,南投,2024-01-31,50,0,5,,24,50,41,42
37,斗六,2024-01-31,79,2,5,,42,37,48,79
38,崙背,2024-01-31,96,8,6,,55,37,43,96
39,新港,2024-01-31,88,5,6,,51,37,50,88
40,朴子,2024-01-31,97,8,6,,49,28,46,97
41,臺西,2024-01-31,65,15,3,,41,35,,65
42,嘉義,2024-01-31,78,5,6,,38,50,49,78
43,新營,2024-01-31,97,8,6,,57,48,50,97
44,善化,2024-01-31,82,12,6,,49,32,80,82
45,安南,2024-01-31,103,5,8,,54,50,84,103
46,臺南,2024-01-31,107,8,8,,61,56,100,107
47,美濃,2024-01-31,118,5,5,,49,20,118,77
48,橋頭,2024-01-31,110,8,7,,58,57,93,110
49,仁武,2024-01-31,113,15,7,,51,61,77,113
50,鳳山,2024-01-31,104,8,9,,62,57,,104
51,大寮,2024-01-31,117,18,6,,65,57,64,117
52,林園,2024-01-31,109,8,6,,73,50,93,109
53,楠梓,2024-01-31,107,5,7,,63,60,84,107
54,左營,2024-01-31,112,5,9,,62,55,112,108
56,前金,2024-01-31,81,5,7,,48,53,67,81
57,前鎮,2024-01-31,97,10,11,,58,64,,97
58,小港,2024-01-31,102,8,8,,53,65,44,102
59,屏東,2024-01-31,109,5,7,,61,50,97,109
60,潮州,2024-01-31,108,12,3,,47,22,108,75
61,恆春,2024-01-31,38,2,2,,20,0,38,21
62,臺東,2024-01-31,36,0,3,,16,18,36,25
63,花蓮,2024-01-31,33,10,3,,13,27,33,29
64,陽明,2024-01-31,37,8,2,,9,13,37,20
65,宜蘭,2024-01-31,30,2,5,,19,22,30,25
66,冬山,2024-01-31,34,2,7,,22,28,25,34
67,三重,2024-01-31,75,5,22,,30,75,,68
68,中壢,2024-01-31,79,10,15,,40,64,,79
69,竹山,2024-01-31,50,8,5,,24,35,50,49
70,永和,2024-01-31,64,5,22,,30,64,,59
71,復興,2024-01-31,105,8,12,,57,67,,105
72,埔里,2024-01-31,53,2,5,,22,25,49,53
75,馬祖,2024-01-31,45,2,7,,20,33,33,45
77,金門,2024-01-31,117,8,7,,49,55,41,117
78,馬公,2024-01-31,42,0,3,,12,15,42,32
80,關山,2024-01-31,34,2,2,,15,10,34,9
83,麥寮,2024-01-31,79,5,3,,41,25,,79
84,富貴角,2024-01-31,35,0,2,,24,13,35,26
85,大城,2024-01-31,64,0,2,,30,45,44,64
